MMSI,first_timestamp,last_timestamp,point_count,duration_hours,start_lat,start_lon,end_lat,end_lon,total_distance_km,mean_sog,width,length,draught,predicted_route,predicted_route_probability,route_distance,route_distance_threshold,route_distance_ratio,anomaly_score,is_anomaly,predicted_anchorage_id,predicted_anchorage_lat,predicted_anchorage_lon,anchorage_distance_km,anchorage_confidence
215207000,2026-01-07 23:00:00,2026-01-09 23:00:00,49,48.0,55.331997,5.960254,57.895004,10.413628,617.1947722460212,7.449153,54.0,398.0,9.9,route_02,0.3657440687870381,13.574915856581216,3.1266177215723197,4.341725489150824,3.4148580996663584,True,anchorage_018,57.70245397308669,10.603166847624228,24.177527380421488,0.0764014099168062
636021041,2026-01-04 04:00:00,2026-01-07 13:00:00,82,81.0,55.776634,15.647478,56.919926,7.3551626,1011.5859340991103,6.942089385370731,25.0,136.0,8.5,route_00,0.5162430235918137,10.365402179286214,3.663217785296076,2.829589390205595,2.2431312867562427,True,anchorage_144,56.792996430379745,7.466185170253165,15.64480763793073,0.11334779279206394
244810323,2026-01-07 17:00:00,2026-01-10 23:00:00,79,78.0,54.500042,7.972153,57.936676,11.370215,520.0888568352,3.7905965245822784,15.0,119.0,4.5,route_03,0.3278654002432859,10.378567976002733,3.8159107527646667,2.719814127854891,2.2078942458303468,True,anchorage_026,57.94302888650963,11.569178693790146,11.764731632087077,0.1452988734874993
248897000,2026-01-01 16:00:00,2026-01-05 03:00:00,84,83.0,54.01368,9.296827,57.128483,7.545849,793.8077839677634,5.4866091642857135,23.0,144.0,6.2,route_04,0.5566840483641836,11.110432686265456,3.998886310705682,2.7783817350648317,2.1946152892075776,True,anchorage_144,56.792996430379745,7.466185170253165,37.61578360263684,0.0504849284330925
273413440,2026-01-01 15:00:00,2026-01-04 04:00:00,62,61.0,55.149487,16.415148,56.792774,7.261052,1074.3371894476627,9.689415514516126,20.0,122.0,6.3,route_09,0.42397280579397917,9.322115542755169,3.7400235578641317,2.492528562595173,2.013403220497885,True,anchorage_144,56.792996430379745,7.466185170253165,12.492197046950102,0.1380052999224781
211302790,2026-01-02 14:00:00,2026-01-06 09:00:00,92,91.0,54.141846,9.3712435,57.02511,7.5613256,751.7376458009569,4.681301386956521,15.0,87.0,4.3,route_04,0.4176048578357284,9.81254939456286,3.998886310705682,2.4538205470590744,1.9859641958353738,True,anchorage_144,56.792996430379745,7.466185170253165,26.448267097814934,0.07030305196177017
255805882,2026-01-04 11:00:00,2026-01-09 19:00:00,129,128.0,55.829857,15.841227,54.77572,15.946553,985.3499673010646,4.3695056814418605,18.0,107.0,5.2,route_00,0.32686837564433063,8.232947450203973,3.663217785296076,2.247463277572658,1.8538803642684107,True,anchorage_106,55.059128416,15.135911152666667,60.63932864252957,0.03192882240826063
261000205,2026-01-01 16:00:00,2026-01-03 16:00:00,49,48.0,55.792957,15.636083,57.004044,7.7715516,728.3330035501369,8.38907232857143,14.0,90.0,5.9,route_00,0.4518501846368654,8.144807585487927,3.663217785296076,2.2234025009871563,1.804589329581151,True,anchorage_144,56.792996430379745,7.466185170253165,29.909674354607954,0.0626769166546254
246512000,2026-01-02 11:00:00,2026-01-07 08:00:00,118,117.0,55.78319,15.619746,58.348022,10.207095,915.3044221963031,4.485816444583051,14.0,109.0,7.0,route_00,0.3640474166622192,7.927951545867474,3.663217785296076,2.1642042626266362,1.7821413428044224,True,anchorage_064,58.18683659881423,11.2086168784585,61.25280012738504,0.031619153554818015
219028116,2026-01-03 05:00:00,2026-01-04 12:00:00,32,31.0,55.060852,16.020853,55.107937,16.37767,833.5355642938259,15.312099787343751,32.0,230.0,6.9,route_06,0.4456392160472458,9.87629051292624,4.795039096516717,2.0596892567780563,1.6833571385717307,True,anchorage_146,55.205532567567566,15.287495499999999,70.10251680282843,0.027738282776857855
351578000,2026-01-10 16:00:00,2026-01-10 23:00:00,8,7.0,55.69669,15.73067,54.9629,13.54805,164.43004846976717,12.938780000000001,32.0,183.0,12.2,route_06,0.4829085963290516,9.492639161018563,4.795039096516717,1.9796791996783394,1.6140322506764915,True,anchorage_136,54.897830695652175,13.959401456521743,27.258796793348246,0.06835551079307144
636021080,2026-01-01 00:00:00,2026-01-05 19:00:00,116,115.0,55.318367,14.388838,55.665226,15.882424,895.9005443250657,4.427689888248276,15.0,111.0,6.3,route_00,0.3217349977329794,7.005114994066407,3.663217785296076,1.9122846100454345,1.6037797081008311,True,anchorage_146,55.205532567567566,15.287495499999999,63.413894117595305,0.030574544245975895
636021090,2026-01-10 08:00:00,2026-01-10 23:00:00,16,15.0,56.475822,7.055195,57.73026,10.9602165,298.625770161412,11.24943984375,44.0,250.0,7.8,route_05,0.5647061858726135,9.387439998853768,4.7727135229159625,1.9668978566973296,1.583996846054844,True,anchorage_018,57.70245397308669,10.603166847624228,21.429562259950327,0.08536224355410728
304188000,2026-01-03 23:00:00,2026-01-08 23:00:00,121,120.0,55.81063,15.762868,55.78028,15.925148,1024.6529551431286,4.983267408445454,16.0,119.0,5.7,route_00,0.43171843421677203,6.994875882793512,3.663217785296076,1.9094894960574007,1.5741875134888577,True,anchorage_146,55.205532567567566,15.287495499999999,75.48308954432851,0.02581208379482324
261007705,2026-01-03 06:00:00,2026-01-06 17:00:00,84,83.0,54.410988,7.949425,54.75575,13.449732,914.0341001607651,6.186044840238096,10.0,30.0,4.8,route_03,0.48819537598316376,7.287130235754067,3.8159107527646667,1.9096699865096336,1.5602036458864341,True,anchorage_032,54.617951705882355,13.427505088235293,15.388950921233052,0.11501556413951737
258809000,2026-01-01 00:00:00,2026-01-04 03:00:00,76,75.0,55.025463,9.440585,58.321438,10.128272,436.3489646089898,3.4409778251763155,14.0,90.0,6.46318625,route_08,0.4442717680439259,7.252275013549437,3.9074560903200615,1.8560093436534049,1.5309390657290722,True,anchorage_064,58.18683659881423,11.2086168784585,64.95331166824656,0.02987156199098849
255915977,2026-01-09 03:00:00,2026-01-10 23:00:00,45,44.0,56.12512,6.942388,58.17556,11.174039,355.01312740771834,4.552400203304443,24.0,149.0,6.6,route_05,0.5551260051828959,9.022987329880582,4.7727135229159625,1.8905361251114543,1.5291205925378666,True,anchorage_064,58.18683659881423,11.2086168784585,2.3836202416077086,0.4562439011063816
538010969,2026-01-04 01:00:00,2026-01-10 23:00:00,167,166.0,56.927208,7.3392835,54.229046,12.012272,684.8802347126369,2.371616705352096,32.0,199.0,7.2,route_05,0.4646180391531357,8.840762079228083,4.7727135229159625,1.8523554864082192,1.5231121050178804,True,anchorage_000,54.22358138547486,11.998307101489758,1.0923610825321346,0.6467550026086635
305269000,2026-01-03 22:00:00,2026-01-06 10:00:00,61,60.0,54.39021,10.191389,57.81113,8.742653,715.9303773493813,6.75051294322951,13.0,90.0,5.7,route_04,0.5475980465751944,7.51015795740808,3.998886310705682,1.8780623838447574,1.5216472762397695,True,anchorage_066,57.59301078126156,9.961012352848686,76.3413935850136,0.02552928801080955
259888000,2026-01-02 10:00:00,2026-01-05 15:00:00,78,77.0,53.877018,9.17109,56.671642,7.504208,825.6325398553759,6.026565735897435,23.0,144.0,6.4,route_04,0.4807219290093405,7.420105065685234,3.998886310705682,1.8555428909845177,1.5214766859860531,True,anchorage_144,56.792996430379745,7.466185170253165,13.69187181516283,0.12745452063070187
304145000,2026-01-04 01:00:00,2026-01-07 17:00:00,89,88.0,54.76032,15.965559,55.61467,15.90397,943.2574180488604,6.067360705608988,14.0,90.0,5.8,route_00,0.4122326314875426,6.659166923030401,3.663217785296076,1.8178463070800417,1.5103265724381456,True,anchorage_146,55.205532567567566,15.287495499999999,59.8668611237319,0.03232748459631819
257759000,2026-01-01 00:00:00,2026-01-06 15:00:00,136,135.0,56.695408,8.21943,55.095768,14.683142,663.7641793400884,2.724769799988971,19.0,89.0,5.6,route_10,0.6245064886983765,9.08735815876107,4.835703771665179,1.8792214303962274,1.5032894506225765,True,anchorage_028,55.09676789551712,14.692940593363927,0.6332793279511999,0.7595092471849854
219419000,2026-01-07 02:00:00,2026-01-10 23:00:00,94,93.0,55.519672,5.6204886,55.46412,6.475857,426.23666958808514,2.9090096461702126,18.0,84.0,5.3,route_02,0.7250184292140706,5.882592990205431,3.1266177215723197,1.8814557819518727,1.4798372291603867,True,anchorage_143,55.50846652513967,5.062197154189944,89.20038234370045,0.021929732623957
218816000,2026-01-01 08:00:00,2026-01-02 11:00:00,28,27.0,53.962883,9.252477,58.295506,10.979955,569.1750331571544,11.931312732142855,23.0,135.0,7.5,route_04,0.5170125717639358,7.177273918951188,3.998886310705682,1.7948181971906616,1.4668605049520123,True,anchorage_064,58.18683659881423,11.2086168784585,18.030863753490458,0.09984591900843477
246668000,2026-01-03 16:00:00,2026-01-07 16:00:00,97,96.0,55.691334,16.053177,55.562725,15.67793,987.0058505861394,5.8729765893113415,14.0,117.0,6.0,route_06,0.29518555267092134,8.132078369119547,4.795039096516717,1.6959357797576606,1.448155446650515,True,anchorage_146,55.205532567567566,15.287495499999999,46.75195496344564,0.04102399588897729
218030270,2026-01-06 19:00:00,2026-01-10 15:00:00,93,92.0,54.152946,12.121758,54.755478,13.511443,658.0712766051092,4.044371155135483,12.0,83.0,4.6,route_04,0.4378009792100255,6.888767293677774,3.998886310705682,1.7226714536083214,1.4325533454037347,True,anchorage_032,54.617951705882355,13.427505088235293,16.21606627125382,0.10979318861812305
219825000,2026-01-01 00:00:00,2026-01-06 04:00:00,125,124.0,55.454937,8.448723,55.727894,15.815918,945.5150179652175,4.359166401927999,26.0,197.0,6.1,route_03,0.7206536129415887,6.903035400827236,3.8159107527646667,1.8090138496624733,1.4265969840114578,True,anchorage_146,55.205532567567566,15.287495499999999,66.9565701223094,0.02900376275172282
220464000,2026-01-08 21:00:00,2026-01-10 05:00:00,33,32.0,56.600914,7.3309145,56.408073,6.933179,679.2308284342149,12.272193534900001,30.0,231.0,6.6,route_05,0.5465461365304994,8.289632660540471,4.7727135229159625,1.7368804183905413,1.4160237796602813,True,anchorage_154,56.31643754545455,7.640537590909091,44.74542779706337,0.04278493307800348
352002808,2026-01-02 05:00:00,2026-01-04 16:00:00,60,59.0,54.117386,12.087725,57.790173,8.048603,618.8436069256817,5.825389460956667,18.0,146.0,7.3,route_04,0.5330855512596518,6.860637686953171,3.998886310705682,1.7156370934042577,1.4034564322382803,True,anchorage_061,57.121492665178046,8.598549033846517,81.30541571417987,0.024008042968802674
305733000,2026-01-04 08:00:00,2026-01-09 11:00:00,124,123.0,55.797237,15.687328,54.811665,13.030541,793.7937117253888,3.690315030198388,14.0,114.0,6.0,route_00,0.4042398018298972,6.117054728984493,3.663217785296076,1.6698583287998772,1.4013337961424335,True,anchorage_032,54.617951705882355,13.427505088235293,33.37800081565547,0.056532306910766994
265412000,2026-01-08 17:00:00,2026-01-10 21:00:00,53,52.0,55.815517,15.734812,55.793575,15.871166,976.097029537915,10.832222292452826,24.0,170.0,6.0,route_00,0.3537200734027286,6.049714879045466,3.663217785296076,1.6514756243346047,1.4001766999002714,True,anchorage_146,55.205532567567566,15.287495499999999,75.01189800658449,0.025970013098872084
219543000,2026-01-02 18:00:00,2026-01-05 21:00:00,76,75.0,54.815895,16.493023,54.76022,16.300798,1112.0059086233762,8.325279083776318,32.0,172.0,7.7,route_00,0.26659265198473425,5.905301477882915,3.663217785296076,1.6120530702778362,1.3923916397121936,True,anchorage_146,55.205532567567566,15.287495499999999,81.43660665299237,0.023970294097863724
212882000,2026-01-01 00:00:00,2026-01-08 14:00:00,183,182.0,54.333355,9.740243,55.54785,6.915562,1379.9150982980468,4.339512137103825,20.0,100.0,5.3,route_04,0.3599417301286143,6.531581461777112,3.998886310705682,1.6333501265817398,1.3850271624041512,True,anchorage_087,56.00224435513306,8.125310248574145,90.97694301005863,0.02151070937859972
636024484,2026-01-05 14:00:00,2026-01-09 09:00:00,92,91.0,55.172066,7.092676,55.230125,7.0836425,1527.990102099141,9.623541620605435,30.0,210.0,9.5,route_05,0.32958050112507165,7.56802877028639,4.7727135229159625,1.5856867867616298,1.3568699647899543,True,anchorage_003,55.46781469590185,8.433565617789089,89.34311199333042,0.02189546596733023
538005409,2026-01-01 20:00:00,2026-01-06 22:00:00,123,122.0,57.703655,7.9261174,56.440685,7.3436766,1126.3437038473344,5.236429545308943,27.0,184.0,7.5,route_05,0.5298027596718627,7.885632188592183,4.7727135229159625,1.6522324565951185,1.3567236525283732,True,anchorage_154,56.31643754545455,7.640537590909091,22.911515329968363,0.08028415668451992
209151000,2026-01-01 00:00:00,2026-01-08 09:00:00,178,177.0,54.997353,11.878327,58.24468,10.734078,1196.3446276046752,3.8647791849134836,12.0,88.0,3.0456528499999997,route_04,0.5101760509715014,6.5562766047631635,3.998886310705682,1.6395256317267444,1.352100211052183,True,anchorage_064,58.18683659881423,11.2086168784585,28.52768164640575,0.06551431003393848
248851000,2026-01-06 16:00:00,2026-01-10 23:00:00,104,103.0,57.685947,7.8594985,56.701435,11.802916,1017.9533313944238,5.686147758764424,44.0,250.0,13.0,route_05,0.5596769901939015,7.867822062435558,4.7727135229159625,1.6485008003641064,1.3464563527246045,True,anchorage_147,56.551030545454545,11.842199590909088,16.895975575244716,0.10584264316155048
244750397,2026-01-08 07:00:00,2026-01-09 23:00:00,41,40.0,57.955193,12.0989685,55.01846,7.640581,540.1178205411748,7.622981792439025,13.0,89.0,5.7,route_01,0.5227864467942107,7.033527468468294,4.454993695235818,1.5787962788791299,1.3034005974607947,True,anchorage_047,54.75868224661246,8.294702672086721,50.838271143103285,0.03785135199793625
311818000,2026-01-04 02:00:00,2026-01-08 04:00:00,99,98.0,54.75499,15.869869,54.253075,11.444195,693.442411120901,4.0001955352121215,11.0,82.0,4.2,route_00,0.3747604431051631,5.382756025688276,3.663217785296076,1.4694065002889856,1.2583647644404483,True,anchorage_033,54.15272352475248,11.773068811881187,24.125515846521036,0.07655351234974091
219927000,2026-01-05 03:00:00,2026-01-07 12:00:00,58,57.0,55.71685,15.71342,55.55797,15.904444,1038.5872082528463,10.694607256896552,25.0,183.0,6.2,route_06,0.4665536757877613,7.183988447490834,4.795039096516717,1.4982126950142143,1.2570211023137206,True,anchorage_146,55.205532567567566,15.287495499999999,55.26890003354687,0.03492296864141696
311000818,2026-01-01 00:00:00,2026-01-10 23:00:00,240,239.0,54.72121,12.515404,56.76377,10.919028,1282.392481166689,3.2127341169416668,13.0,95.0,6.3,route_04,0.42773754552479154,5.9192125821965424,3.998886310705682,1.480215270524153,1.2532270665119167,True,anchorage_122,56.533929895131095,10.712827823033708,28.49662526447764,0.06558102684002852
538005911,2026-01-08 07:00:00,2026-01-10 23:00:00,65,64.0,57.013428,7.307906,57.68901,11.878175,319.7930290701368,2.973983779446154,32.0,183.0,11.6,route_05,0.43589063277178547,7.056008097305239,4.7727135229159625,1.47840595573695,1.2498318086097662,True,anchorage_013,57.6609028220576,11.842623786454004,3.7730929882598496,0.3464347454765056
268249201,2026-01-01 00:00:00,2026-01-08 09:00:00,178,177.0,54.83135,11.126286,57.997894,11.747166,470.39343309628316,1.6015506907084274,15.0,92.0,6.3,route_04,0.6300683554750367,6.167941153051066,3.998886310705682,1.5424147309560825,1.2492939593483028,True,anchorage_151,58.08231781818183,11.805268727272727,9.991028204961038,0.1667913681641197
244637000,2026-01-02 14:00:00,2026-01-06 20:00:00,103,102.0,55.812637,15.734541,55.104836,14.283054,896.3694449865438,4.987464467708738,16.0,130.0,6.0,route_00,0.4523926106801346,5.389432288251255,3.663217785296076,1.47122901343297,1.240323607404694,True,anchorage_028,55.09676789551712,14.692940593363927,26.09177289395229,0.0711952217309349
255805555,2026-01-06 22:00:00,2026-01-10 23:00:00,98,97.0,56.533054,7.5254426,57.691032,11.84606,354.5212343451961,2.391304194820408,22.0,149.0,7.4,route_05,0.43175357076400217,6.972129309347789,4.7727135229159625,1.4608313019148191,1.2376850837451139,True,anchorage_013,57.6609028220576,11.842623786454004,3.35644017509352,0.3733823088885859
209977000,2026-01-05 10:00:00,2026-01-08 14:00:00,77,76.0,54.799477,16.246916,55.70009,15.690178,546.8622329807483,4.103211114290909,16.0,90.0,5.4,route_00,0.4741642111610981,5.34203094749913,3.663217785296076,1.458289203809204,1.2251758500666283,True,anchorage_146,55.205532567567566,15.287495499999999,60.57127815495849,0.031963547157323156
304962000,2026-01-08 20:00:00,2026-01-10 06:00:00,35,34.0,57.27473,7.532097,54.337505,8.108797,344.70533545425553,5.5850082542857145,11.0,87.0,2.6,route_10,0.47965283706354217,6.9830463779897345,4.835703771665179,1.444059997824291,1.2131317891023325,True,anchorage_038,54.631808243710694,8.384440261006292,37.25526679358027,0.05094857743590921
636016406,2026-01-07 07:00:00,2026-01-10 23:00:00,89,88.0,56.395805,7.288008,57.68963,11.86993,370.6876258842155,2.6550709234977528,32.0,183.0,7.6,route_05,0.5461069854261318,6.996792652064379,4.7727135229159625,1.4659988743237162,1.2129724093862542,True,anchorage_013,57.6609028220576,11.842623786454004,3.583248098708726,0.35821442369049533
268251601,2026-01-01 00:00:00,2026-01-10 23:00:00,240,239.0,55.04312,9.478829,55.308544,12.673869,367.50017308491897,0.9615910471970833,10.0,79.0,2.5,route_08,0.4276002663318748,5.547875302340885,3.9074560903200615,1.4198176957342228,1.2079632052176985,True,anchorage_155,55.41093182280219,12.932884934752748,19.94084008502939,0.09115421252099797
245190000,2026-01-01 00:00:00,2026-01-10 23:00:00,240,239.0,55.840588,12.745334,57.063477,9.970293,293.38201814589814,0.7346539893333334,14.0,89.0,4.2,route_11,0.5667287848563859,6.911439677424497,4.7435108245362505,1.4570304428682723,1.2010906359371079,True,anchorage_016,57.05853723316456,9.9143662278481,3.4257576675685892,0.36861211328228144
244063000,2026-01-01 00:00:00,2026-01-10 11:00:00,228,227.0,55.97669,7.161792,54.812584,13.083157,918.8110555076616,2.2743679685122804,13.0,89.0,5.8,route_05,0.28762437830840215,6.509554090475994,4.7727135229159625,1.3639105006451093,1.2010267809067314,True,anchorage_032,54.617951705882355,13.427505088235293,30.944670497976134,0.06070784651262075
314037000,2026-01-01 00:00:00,2026-01-09 02:00:00,195,194.0,56.46042,10.059132,57.88318,8.813848,302.1260119154173,0.9470987060676923,12.0,88.0,3.1,route_07,0.44960764956556687,7.228572430214942,5.100996907258432,1.4170901417189823,1.200415693897845,True,anchorage_066,57.59301078126156,9.961012352848686,75.3463744247963,0.02585770845593539
314216000,2026-01-03 23:00:00,2026-01-10 23:00:00,169,168.0,55.73581,6.67697,57.64969,10.677311,870.8713328017268,2.9181093407710055,13.0,100.0,5.3,route_05,0.41161150792912266,6.680522752771538,4.7727135229159625,1.3997326092788345,1.1968965799768452,True,anchorage_148,57.593671125,10.677636750000001,6.229053501085218,0.24304131693107198
636020533,2026-01-06 12:00:00,2026-01-10 15:00:00,100,99.0,55.85667,6.868265,56.312637,7.3679476,1195.22189867571,6.824254526247,23.0,158.0,8.4,route_05,0.6014693130649365,6.9801998690714235,4.7727135229159625,1.4625222812046685,1.1965243826372673,True,anchorage_154,56.31643754545455,7.640537590909091,16.816605209195526,0.10628909826001004
210745000,2026-01-01 00:00:00,2026-01-06 20:00:00,141,140.0,55.46613,8.43552,54.51619,13.766038,817.3694919854357,3.2378133476219855,15.0,92.0,4.8,route_03,0.7328366007599527,5.714457574798031,3.8159107527646667,1.4975343882604821,1.1899416410053734,True,anchorage_032,54.617951705882355,13.427505088235293,24.582658876892708,0.07523701858652386
211882460,2026-01-07 12:00:00,2026-01-10 16:00:00,77,76.0,55.9278,14.321819,54.152042,12.122371,293.20109291103734,2.140820213485714,12.0,88.0,3.6,route_09,0.5575122052444055,5.380576907302585,3.7400235578641317,1.4386478651956265,1.1896078475856184,True,anchorage_030,54.15790260967302,12.101105711852862,1.5303774953210894,0.5665116556659047
241969000,2026-01-01 00:00:00,2026-01-02 10:00:00,35,34.0,56.397137,11.49397,55.54367,16.046751,633.8759714080536,10.681959708571428,36.0,228.0,8.3,route_09,0.40108864492666946,5.165994889980079,3.7400235578641317,1.381273355649743,1.18568285550564,True,anchorage_146,55.205532567567566,15.287495499999999,60.9497616577903,0.0317713673146607
212856000,2026-01-01 00:00:00,2026-01-06 19:00:00,140,139.0,55.271435,14.3208475,56.97556,7.5426655,669.0958631335352,3.139176155045714,16.0,97.0,4.3,route_06,0.4246104608729131,6.633166950999376,4.795039096516717,1.3833394926472944,1.1813520042672425,True,anchorage_144,56.792996430379745,7.466185170253165,20.825065500481823,0.08762296870332228
403641000,2026-01-03 08:00:00,2026-01-07 19:00:00,108,107.0,57.07731,7.4889393,57.172752,7.6356573,1119.827094498317,5.969857696296297,35.0,183.0,10.5,route_05,0.55606813087328,6.785559785639871,4.7727135229159625,1.421740431949104,1.177288291243508,True,anchorage_144,56.792996430379745,7.466185170253165,43.45741864687331,0.043997218925618996
219013178,2026-01-01 00:00:00,2026-01-10 23:00:00,240,239.0,55.450073,10.664854,57.973984,9.50387,1008.5117524611973,2.589959496546958,6.0,17.0,3.8,route_07,0.643637366260813,7.3764145377945844,5.100996907258432,1.4460731249019894,1.1736455021112888,True,anchorage_066,57.59301078126156,9.961012352848686,50.28844665118983,0.03824936727116352
231355000,2026-01-06 19:00:00,2026-01-10 19:00:00,97,96.0,54.525417,7.5233827,57.806553,8.70962,1255.0092719715924,7.656455058411339,22.0,138.0,6.6,route_10,0.4085868647853937,6.558986823033125,4.835703771665179,1.3563665461613938,1.1651281934246969,True,anchorage_061,57.121492665178046,8.598549033846517,76.46437351388553,0.025489275073942542
246669000,2026-01-04 14:00:00,2026-01-08 08:00:00,91,90.0,55.827682,15.740216,55.634487,15.404925,529.2103961172613,3.3731367201439553,14.0,114.0,6.4,route_00,0.3308245465371013,4.831107313316841,3.663217785296076,1.318815204683871,1.156405266878628,True,anchorage_146,55.205532567567566,15.287495499999999,48.269896733359396,0.03978524186370147
209535000,2026-01-01 00:00:00,2026-01-10 23:00:00,240,239.0,57.062874,9.969965,55.676407,12.635543,938.9079390824605,2.2265953566500003,13.0,90.0,3.9,route_10,0.5325099111061354,6.6667396638106045,4.835703771665179,1.3786493090983747,1.1508595040472471,True,anchorage_005,55.696008442792795,12.611858919031533,2.637161739625126,0.4312983053641951
257306000,2026-01-01 00:00:00,2026-01-02 03:00:00,28,27.0,55.75969,12.712538,58.05023,8.77389,409.241321939525,8.441709032178572,20.0,122.0,5.3,route_11,0.5241339273759281,6.487567696772937,4.7435108245362505,1.36767216029431,1.1447206383767505,True,anchorage_066,57.59301078126156,9.961012352848686,86.75431034053315,0.022534116848256566
244780424,2026-01-01 00:00:00,2026-01-03 02:00:00,51,50.0,55.359154,12.687189,55.808884,6.853465,654.7145996899861,7.133984723529412,13.0,118.0,6.1,route_01,0.4020790882662637,5.880002368940454,4.454993695235818,1.3198677195050903,1.1393810175622519,True,anchorage_154,56.31643754545455,7.640537590909091,74.6483786812344,0.02609318076143017
219018692,2026-01-01 00:00:00,2026-01-03 12:00:00,61,60.0,56.103046,10.392369,55.94281,6.865744,1054.3164015548311,6.527294434911476,60.0,399.0,12.0,route_07,0.5530454178681881,6.9858347177271725,5.100996907258432,1.369503813614692,1.138866505743972,True,anchorage_154,56.31643754545455,7.640537590909091,63.49286715474016,0.030537676649192876
256717000,2026-01-04 16:00:00,2026-01-06 13:00:00,46,45.0,57.673782,11.8090515,54.10251,9.327543,612.850893632624,7.65911664928261,15.0,90.0,4.7,route_00,0.409314175823198,4.829703287190375,3.663217785296076,1.3184319279559347,1.1364954020111515,True,anchorage_057,54.15196263636363,9.371304,6.1942209719403944,0.24407445281847207
636023976,2026-01-04 07:00:00,2026-01-10 23:00:00,161,160.0,55.73352,6.850857,55.524925,15.061488,884.9970426475043,3.1916373147242236,29.0,176.0,6.0,route_05,0.44476984610424314,6.32368210716139,4.7727135229159625,1.3249657824209484,1.1325318752896507,True,anchorage_140,55.279060922330096,14.801060082524273,31.902692549661754,0.058992364605564465
246278000,2026-01-10 20:00:00,2026-01-10 23:00:00,4,3.0,55.270164,6.230509,55.71704,6.6580706,56.52620344387999,11.4630005,21.0,121.0,6.7,route_02,0.5150191722950024,4.17718894704909,3.1266177215723197,1.3360088501476468,1.1232518445369846,True,anchorage_154,56.31643754545455,7.640537590909091,90.39125975854105,0.021647069270695936
212503000,2026-01-05 18:00:00,2026-01-08 12:00:00,67,66.0,54.407063,10.208052,54.36554,10.148748,658.5909205174487,5.6628070130716415,13.0,88.0,3.2,route_04,0.4198823812442342,5.1969305518556865,3.998886310705682,1.2995944740771053,1.1197252602467702,True,anchorage_008,54.35458708533333,10.153914469777776,1.2630759596939598,0.6129186156572273
246415000,2026-01-01 03:00:00,2026-01-07 22:00:00,164,163.0,55.511253,15.927757,54.378605,10.176092,557.9127555927334,1.9834755985207317,14.0,88.0,5.2,route_08,0.29295862967555825,4.894384977294346,3.9074560903200615,1.2525758099801052,1.1161922000661892,True,anchorage_008,54.35458708533333,10.153914469777776,3.03259196225434,0.39740952872803614
230618000,2026-01-04 04:00:00,2026-01-06 06:00:00,51,50.0,55.745132,15.828668,55.696266,15.73622,618.0738709332063,7.154148578431372,27.0,218.0,6.8,route_00,0.3922522029845129,4.6980781658503945,3.663217785296076,1.2825003702231907,1.113812226921265,True,anchorage_146,55.205532567567566,15.287495499999999,61.467329686784595,0.03151227584128922
305276000,2026-01-05 18:00:00,2026-01-10 23:00:00,126,125.0,57.153873,7.734239,57.203907,11.626866,719.968814302379,3.378342907936508,26.0,162.0,7.2,route_05,0.5238215246823977,6.328344453672439,4.7727135229159625,1.3259426578375564,1.1135016122075678,True,anchorage_150,57.24408154101562,12.112255535156251,29.558032843575113,0.0633753063732925
305654000,2026-01-01 00:00:00,2026-01-02 18:00:00,43,42.0,54.94442,13.47738,53.98703,9.283632,330.07268673319595,4.644505554939535,25.0,155.0,9.4,route_00,0.3596154329174594,4.655809474282046,3.663217785296076,1.2709616919229236,1.1133174107128279,True,anchorage_057,54.15196263636363,9.371304,19.211175479342874,0.09428991815883843
246000000,2026-01-05 00:00:00,2026-01-07 20:00:00,69,68.0,55.835075,15.72768,55.735962,15.780557,625.1896868341395,5.270183517671015,21.0,121.0,7.0,route_00,0.41451276870498605,4.717255217048281,3.663217785296076,1.2877353991845761,1.1121733572121855,True,anchorage_146,55.205532567567566,15.287495499999999,66.66702230941826,0.029126062740683068
244036000,2026-01-03 13:00:00,2026-01-10 22:00:00,178,177.0,55.572197,15.843045,56.245533,6.596414,914.1176068381801,3.0149157207533706,17.0,108.0,5.4,route_06,0.4779164018851057,6.270349295224861,4.795039096516717,1.3076742793984433,1.111276609077556,True,anchorage_154,56.31643754545455,7.640537590909091,64.93007716548374,0.029881931781656643
248102000,2026-01-01 00:00:00,2026-01-05 16:00:00,113,112.0,54.77714,14.679308,58.25534,11.231325,519.4783492070644,2.7680737250557526,18.0,100.0,5.4,route_06,0.48567844986304304,6.265655322233049,4.795039096516717,1.306695356620687,1.1086019049997544,True,anchorage_064,58.18683659881423,11.2086168784585,7.732444818910583,0.20549821110867322
636023265,2026-01-05 06:00:00,2026-01-08 20:00:00,87,86.0,56.099987,6.708383,57.068447,7.5190144,1153.260814776724,7.660202288505748,51.0,366.0,11.9,route_05,0.5959233746126654,6.410425979772766,4.7727135229159625,1.343140741423805,1.1083747124146874,True,anchorage_144,56.792996430379745,7.466185170253165,30.796012034204217,0.060983024335828494
255802950,2026-01-06 05:00:00,2026-01-09 19:00:00,87,86.0,55.47659,16.224504,55.33749,16.347492,1069.1073409533703,7.106791062431035,15.0,84.0,5.0,route_11,0.3466073960619217,5.968680300622359,4.7435108245362505,1.2582832676904214,1.1070606017523357,True,anchorage_146,55.205532567567566,15.287495499999999,68.73084562734932,0.02827620654413136
230688000,2026-01-10 05:00:00,2026-01-10 23:00:00,19,18.0,57.69706,7.6003895,56.320084,11.419659,379.69743690442283,11.738577894736842,44.0,250.0,14.1,route_05,0.48196266345189875,6.135902023789802,4.7727135229159625,1.2856212706521255,1.0937252871261194,True,anchorage_020,56.41166588100128,10.924791651026956,32.134814876351975,0.0585912068732374
210552000,2026-01-01 05:00:00,2026-01-10 23:00:00,235,234.0,54.366844,10.167153,56.144382,10.226265,483.59250856003007,1.3755934944378725,13.0,88.0,3.8,route_08,0.5210564866223308,5.0575066411966825,3.9074560903200615,1.2943220664016264,1.090477428145637,True,anchorage_014,56.151370215580926,10.225395606447279,0.7789189611508982,0.7197043267399541
220516000,2026-01-06 07:00:00,2026-01-08 11:00:00,53,52.0,54.36582,10.140419,58.398865,10.400018,671.4017461665832,7.249215891267926,16.0,106.0,6.2,route_04,0.9822508530725841,5.781619902731047,3.998886310705682,1.445807520772144,1.088792927310962,True,anchorage_064,58.18683659881423,11.2086168784585,52.81022189097532,0.03648954393905321
230628000,2026-01-07 19:00:00,2026-01-10 23:00:00,77,76.0,55.836567,15.858708,55.8555,12.83274,286.4837952599282,2.344602192483117,27.0,175.0,6.5,route_06,0.48132204715880506,6.1298175643082455,4.795039096516717,1.2783665452824269,1.088444397172119,True,anchorage_011,55.86302893827575,12.831210731130492,0.8426029447266813,0.7035804995946424
314237000,2026-01-01 00:00:00,2026-01-04 00:00:00,73,72.0,57.745785,9.343055,57.82174,8.75973,749.4398665294841,5.878930324224658,13.0,88.0,3.8,route_01,0.525851757768143,5.721486460111396,4.454993695235818,1.2842860958995224,1.081751632482606,True,anchorage_066,57.59301078126156,9.961012352848686,75.75803044709859,0.025720816081635033
255738000,2026-01-01 00:00:00,2026-01-04 09:00:00,82,81.0,56.6042,7.717175,55.983944,7.066183,1166.3599364450693,7.988241330689023,28.0,169.0,7.3,route_01,0.498365352743706,5.642970435307786,4.454993695235818,1.2666618229656292,1.0754050290382955,True,anchorage_154,56.31643754545455,7.640537590909091,51.30681744181358,0.037518653260121486
354056000,2026-01-09 05:00:00,2026-01-10 23:00:00,43,42.0,55.698288,15.834101,57.429523,11.476532,706.3495864835584,9.472929841860466,38.0,229.0,14.5,route_06,0.4525910112540482,5.96844911204581,4.795039096516717,1.2447133364108538,1.0703872494946283,True,anchorage_152,57.56893317391304,11.577412141304347,16.63221882056521,0.10734094630707701
211317180,2026-01-03 03:00:00,2026-01-06 15:00:00,85,84.0,55.807537,15.674163,55.93034,15.798348,986.356908444973,6.6114568343470586,17.0,100.0,7.3,route_11,0.6004824273231811,6.136298356298645,4.7435108245362505,1.2936195538034976,1.070094058521828,True,anchorage_146,55.205532567567566,15.287495499999999,86.7586684582012,0.022533010406097436
538007403,2026-01-07 07:00:00,2026-01-10 02:00:00,68,67.0,54.68731,15.091821,58.086395,11.803682,606.1618337259732,5.391155121580882,26.0,160.0,7.100904,route_06,0.4776614401593848,6.001129678729275,4.795039096516717,1.251528831764626,1.0692312637836232,True,anchorage_151,58.08231781818183,11.805268727272727,0.46285865091820116,0.8120644679524589
247489200,2026-01-06 03:00:00,2026-01-07 04:00:00,26,25.0,55.053665,7.377931,55.20802,13.3463,764.9013544311064,17.094969423076922,26.0,204.0,6.0,route_05,0.5382645470180464,6.0186314207560105,4.7727135229159625,1.2610502163722652,1.0612215255246873,True,anchorage_007,55.36983676201373,13.148662311212814,21.917113325567325,0.08362213168350906
636024483,2026-01-05 06:00:00,2026-01-08 11:00:00,78,77.0,54.43485,7.488566,54.975193,7.1061025,1069.8231125163459,7.8771373646679494,30.0,210.0,8.1,route_10,0.5923854329338952,6.184600149146556,4.835703771665179,1.2789452044985135,1.0611125451404113,True,anchorage_047,54.75868224661246,8.294702672086721,79.77692474302673,0.024456776850985018
538006470,2026-01-08 22:00:00,2026-01-10 23:00:00,50,49.0,57.575806,7.716152,55.965405,12.696039,442.05969377069306,5.28982187626,22.0,200.0,6.2,route_05,0.4521137558955904,5.879829161347657,4.7727135229159625,1.2319677544264767,1.0609473768459599,True,anchorage_025,56.01532834706049,12.715655618858278,5.683722007253143,0.26029052041602696
219945000,2026-01-04 21:00:00,2026-01-06 02:00:00,30,29.0,58.287796,10.79318,58.268284,11.050867,619.1167475444689,12.376176441766667,30.0,178.0,6.3,route_11,0.3972728506372052,5.756884028813416,4.7435108245362505,1.213633581067297,1.0609069731411713,True,anchorage_064,58.18683659881423,11.2086168784585,12.935520166246159,0.13390896183983883
255805988,2026-01-01 00:00:00,2026-01-09 10:00:00,203,202.0,55.57786,9.875986,55.764477,15.793531,589.9881185312195,1.8193993816719212,12.0,99.0,3.8,route_07,0.5587273259533588,6.454396226709499,5.100996907258432,1.2653205528364966,1.0593085831390328,True,anchorage_146,55.205532567567566,15.287495499999999,69.85213325868493,0.0278349425312053
232031538,2026-01-09 08:00:00,2026-01-10 23:00:00,40,39.0,54.617523,7.888447,56.88907,12.478688,595.5933003595251,8.40595579,15.0,90.0,5.8,route_10,0.39478943818571305,5.852095060910849,4.835703771665179,1.2101847708706264,1.0589412186065414,True,anchorage_068,56.890981937759335,12.48484836307054,0.43035944964269973,0.822923539270716
305014400,2026-01-10 17:00:00,2026-01-10 23:00:00,7,6.0,55.592697,6.0583797,56.46273,7.136305,118.53612770609104,11.041991285714285,22.0,142.0,6.5,route_02,0.684493837402216,4.080605578154344,3.1266177215723197,1.3051181633110815,1.0577151631327573,True,anchorage_154,56.31643754545455,7.640537590909091,35.04068272350487,0.05399468511229308
220368000,2026-01-01 00:00:00,2026-01-10 23:00:00,240,239.0,56.127964,12.310073,57.49432,10.501863,307.120595732909,0.715026592916125,6.0,21.0,3.0,route_11,0.578037618294284,6.010179348674108,4.7435108245362505,1.2670318612083473,1.0557644913326893,True,anchorage_071,57.49244408920606,10.505153926702347,0.2866753774398391,0.8746322367100481
257064430,2026-01-06 02:00:00,2026-01-08 16:00:00,63,62.0,57.846268,8.770637,57.896507,8.697941,787.8070651727573,7.055391057761904,14.0,90.0,6.2,route_01,0.4960553798126238,5.513066660938534,4.454993695235818,1.2375026853201212,1.054113169036935,True,anchorage_066,57.59301078126156,9.961012352848686,82.20064227872531,0.02375278793455633
255806190,2026-01-06 23:00:00,2026-01-07 15:00:00,17,16.0,57.679245,8.075494,55.293713,7.3257365,276.39866818891056,9.593605288235294,22.0,139.0,7.6,route_03,0.5021401721191937,4.700084398243993,3.8159107527646667,1.2317071081494066,1.0482452880822566,True,anchorage_003,55.46781469590185,8.433565617789089,72.611319317188,0.02680558417011218
256516000,2026-01-10 16:00:00,2026-01-10 23:00:00,8,7.0,55.978706,6.3937664,57.043137,7.5665483,138.67949592442523,11.396196937500001,32.0,180.0,9.9,route_03,0.540124833299285,4.72350392297216,3.8159107527646667,1.2378444437019216,1.04335212445162,True,anchorage_144,56.792996430379745,7.466185170253165,28.473612788327284,0.06563055105714563
219835000,2026-01-04 02:00:00,2026-01-10 23:00:00,166,165.0,55.149597,6.7554994,55.580193,6.2591987,1532.069491902737,5.2982206490475905,58.0,399.0,11.2,route_01,0.4851082457933458,5.406589488397389,4.454993695235818,1.2136020515986834,1.038924477250676,True,anchorage_143,55.50846652513967,5.062197154189944,75.72438439695895,0.025731950346309235
257041670,2026-01-03 04:00:00,2026-01-09 10:00:00,151,150.0,57.84359,8.826254,57.87242,9.1215515,1180.8944040763763,4.504674976418543,13.0,90.0,4.571987,route_11,0.3570723410784238,5.552195987493538,4.7435108245362505,1.17048241120781,1.0385937231362516,True,anchorage_066,57.59301078126156,9.961012352848686,58.724616993538774,0.032935572079652704
259210000,2026-01-10 06:00:00,2026-01-10 19:00:00,14,13.0,54.985104,7.43136,57.677746,8.122896,316.6460086635375,14.107863500000002,26.0,139.0,5.3,route_03,0.6083384167762116,4.774683171783502,3.8159107527646667,1.2512565102116695,1.0363577784646991,True,anchorage_061,57.121492665178046,8.598549033846517,68.10077635336944,0.028530354498761106
230687000,2026-01-07 07:00:00,2026-01-10 17:00:00,83,82.0,54.15635,12.130749,57.773468,8.45906,650.5628984064714,4.505887025277108,44.0,250.0,8.5,route_01,0.2698051663599527,5.054236681248017,4.454993695235818,1.1345104004643218,1.033431508758253,True,anchorage_061,57.121492665178046,8.598549033846517,72.9752066230508,0.02667548500473367
304953000,2026-01-08 07:00:00,2026-01-09 22:00:00,40,39.0,54.401943,10.205622,55.734512,15.543005,403.7870465451644,5.725112475,11.0,82.0,3.9,route_04,0.4769181969623053,4.794530183496826,3.998886310705682,1.1989663648754088,1.0299952244159802,True,anchorage_146,55.205532567567566,15.287495499999999,60.98465019364346,0.0317537684793214
265043000,2026-01-07 23:00:00,2026-01-10 15:00:00,65,64.0,55.805187,15.697366,55.738884,15.725708,1078.1022849386823,9.367902508153845,12.0,50.0,6.5,route_11,0.5758461708289248,5.837452467278678,4.7435108245362505,1.2306185614848633,1.0290023784064162,True,anchorage_146,55.205532567567566,15.287495499999999,65.4214264294895,0.02966416028132592
244641000,2026-01-01 00:00:00,2026-01-10 23:00:00,240,239.0,55.088055,8.568233,56.1507,12.43989,776.6092106877207,1.8849048856693331,15.0,58.0,2.4,route_03,0.996601818133863,5.216331060250064,3.8159107527646667,1.3669950368914625,1.0260958231351311,True,anchorage_123,56.094522714285716,12.45790180952381,6.345616842062239,0.23964675563823168
211638130,2026-01-06 09:00:00,2026-01-09 00:00:00,64,63.0,54.59076,13.487153,54.36898,10.152818,729.8130437470777,7.05866413505625,10.0,49.0,3.6,route_08,0.3282657202601553,4.427349584341192,3.9074560903200615,1.133051653557685,1.017722310103225,True,anchorage_008,54.35458708533333,10.153914469777776,1.6019971861104734,0.5552475187132642
244859000,2026-01-05 05:00:00,2026-01-06 19:00:00,39,38.0,58.492966,10.163926,56.016586,7.28828,587.0393728775836,8.761332285566665,16.0,115.0,7.0,route_10,0.48507618884830933,5.725556152468634,4.835703771665179,1.1840171405902793,1.0167438082306322,True,anchorage_154,56.31643754545455,7.640537590909091,39.84095503598167,0.047800056147859774
538011029,2026-01-10 17:00:00,2026-01-10 23:00:00,7,6.0,55.575634,6.2974176,56.157936,6.6367245,68.17110885580358,6.463941385714286,23.0,157.0,5.9,route_02,0.6216415718472195,3.8426957853007018,3.1266177215723197,1.2290264200793564,1.0163594220977124,True,anchorage_154,56.31643754545455,7.640537590909091,64.48744952778262,0.030080865098672117
636023850,2026-01-03 19:00:00,2026-01-10 00:00:00,150,149.0,55.21215,7.3428574,55.667683,15.897895,970.3781061744362,3.675804954734,30.0,180.0,6.4,route_01,0.4238294797838706,5.159417250324442,4.454993695235818,1.1581199892251108,1.0126326219728654,True,anchorage_146,55.205532567567566,15.287495499999999,64.21403384354376,0.030205077140078383
244090800,2026-01-03 13:00:00,2026-01-06 00:00:00,60,59.0,57.8681,8.628299,54.152996,12.107922,583.5833449550672,5.450195806666668,13.0,88.0,3.7,route_05,0.47218783927293617,5.527737600631869,4.7727135229159625,1.1581959767940593,1.0006000227773104,True,anchorage_030,54.15790260967302,12.101105711852862,0.7033226417172829,0.7398302996232452
219034365,2026-01-07 21:00:00,2026-01-10 23:00:00,75,74.0,55.818302,15.704643,57.6716,11.785083,508.38485029534587,4.021696478764,22.0,147.0,7.3,route_06,0.33498034050187375,5.319054742090996,4.795039096516717,1.1092828723659296,0.9982170691489788,True,anchorage_013,57.6609028220576,11.842623786454004,3.6229348400799326,0.3556861420025933
259319000,2026-01-01 00:00:00,2026-01-01 19:00:00,20,19.0,54.80595,12.795234,54.01251,9.293008,273.2656501765044,8.319237095,20.0,123.0,5.8,route_04,0.3579679829028566,4.433539506754361,3.998886310705682,1.1086935617261837,0.9920281755689238,True,anchorage_057,54.15196263636363,9.371304,16.325854042668425,0.1091354321246564
244335000,2026-01-01 22:00:00,2026-01-03 06:00:00,33,32.0,57.68929,11.869958,55.927544,6.838355,405.2276304980692,7.128923848484849,16.0,115.0,7.0,route_01,0.513954232179199,5.165497108673988,4.454993695235818,1.1594847180587449,0.9911249804992589,True,anchorage_154,56.31643754545455,7.640537590909091,65.89471403880997,0.029457374234712296
211686000,2026-01-01 12:00:00,2026-01-10 23:00:00,228,227.0,54.434,10.189958,55.49337,9.495358,442.8899551592533,1.1426845230263158,10.0,75.0,2.7,route_08,0.6324143999050474,4.681638337460524,3.9074560903200615,1.1981294809833805,0.9904935107612735,True,anchorage_009,55.49145062369895,9.494601443554844,0.21868157482350054,0.9014362505620497
244903000,2026-01-01 00:00:00,2026-01-02 05:00:00,30,29.0,57.56485,11.273119,54.753265,16.19445,706.7798482733598,13.574318366666667,25.0,172.0,7.2,route_05,0.5095436944856323,5.463974633125596,4.7727135229159625,1.1448360784468992,0.9812411352137662,True,anchorage_106,55.059128416,15.135911152666667,75.73509085887724,0.0257284062821881
259254000,2026-01-01 00:00:00,2026-01-05 19:00:00,116,115.0,57.31508,8.814029,55.890404,15.441564,726.4855416071508,3.5799322382844823,16.0,90.0,6.1,route_11,0.3917109155857181,5.222524286087887,4.7435108245362505,1.1009828962703943,0.9778094433063662,True,anchorage_146,55.205532567567566,15.287495499999999,76.76849914135661,0.025390860836523418
304011027,2026-01-03 10:00:00,2026-01-08 18:00:00,129,128.0,57.851654,8.725604,57.889004,9.200622,1200.1854976849468,5.304612645581395,12.0,90.0,3.8685,route_07,0.516587693023652,5.827651848510401,5.100996907258432,1.1424535153546123,0.9776932132600462,True,anchorage_066,57.59301078126156,9.961012352848686,55.85562901434685,0.034568805733735025
212677000,2026-01-01 00:00:00,2026-01-05 07:00:00,104,103.0,54.43844,12.026284,56.545147,7.3123336,761.7811554038141,4.203965743960577,32.0,225.0,13.5,route_01,0.26280569364241935,4.710251991313348,4.454993695235818,1.0572971172440724,0.9772714145224495,True,anchorage_144,56.792996430379745,7.466185170253165,29.118640322936937,0.06427016023980454
314845000,2026-01-09 14:00:00,2026-01-10 23:00:00,34,33.0,55.71551,15.913291,57.661663,11.047941,741.7502102531633,12.593938794117648,32.0,228.0,13.0,route_06,0.41146690615066156,5.303189100569449,4.795039096516717,1.1059741107057646,0.9766138564916581,True,anchorage_148,57.593671125,10.677636750000001,23.306694188023553,0.07903047253585987
211315100,2026-01-05 06:00:00,2026-01-07 07:00:00,50,49.0,55.71852,15.748735,54.16296,9.412556,483.2136762643087,6.033736713771999,22.0,155.0,7.9,route_00,0.7182296055499443,4.424021690038647,3.663217785296076,1.207687325551975,0.9762080927764952,True,anchorage_057,54.15196263636363,9.371304,2.951240900070689,0.4039391417960387
235087256,2026-01-07 20:00:00,2026-01-10 16:00:00,69,68.0,54.39562,10.197773,55.790386,15.793915,570.9677017352395,4.871762474492754,17.0,100.0,6.6,route_04,0.5459473362086452,4.55878006848831,3.998886310705682,1.1400124220295285,0.9685224824699851,True,anchorage_146,55.205532567567566,15.287495499999999,72.43343080007786,0.02686964685763091
305426000,2026-01-03 10:00:00,2026-01-06 14:00:00,77,76.0,57.750496,8.915334,57.80238,8.732808,1094.1198923972036,8.357378847259742,26.0,176.0,6.7,route_07,0.6228594976809373,5.926937028051504,5.100996907258432,1.1619173929742646,0.9657231703104641,True,anchorage_061,57.121492665178046,8.598549033846517,76.13588874110717,0.025596432474541027
219014875,2026-01-01 00:00:00,2026-01-10 23:00:00,240,239.0,57.720867,10.600064,56.66212,12.856736,1021.1741074910045,2.438232272895833,13.0,33.0,5.4,route_01,0.4963579977718611,4.985521893638712,4.454993695235818,1.1190861838862403,0.965225138471715,True,anchorage_067,56.65748575718392,12.85429123132184,0.5365280444233305,0.7884793564167717
266331000,2026-01-04 16:00:00,2026-01-06 08:00:00,41,40.0,54.31858,10.138879,54.317867,10.137051,842.1071483589357,11.62317283682927,30.0,241.0,5.5,route_07,0.7250323885306474,6.094189954117445,5.100996907258432,1.1947056751682705,0.9647711592435411,True,anchorage_008,54.35458708533333,10.153914469777776,4.226920187668666,0.3211860662612398
219203000,2026-01-06 00:00:00,2026-01-10 23:00:00,120,119.0,54.873352,12.9862385,55.449894,10.663743,174.54983100094591,0.8380393746683334,6.0,34.0,3.5,route_04,0.3798316558341771,4.317335694680601,3.998886310705682,1.0796345180212745,0.9647679745574117,True,anchorage_112,55.44836060131256,10.664096235438883,0.17195537779066855,0.9208292308631206
245535000,2026-01-03 22:00:00,2026-01-05 08:00:00,35,34.0,58.40603,10.471154,55.283806,7.394529,571.6376183543878,9.616591723657145,14.0,123.0,4.5,route_10,0.44326495856843506,5.307232482312857,4.835703771665179,1.0975098419821747,0.9623161418445223,True,anchorage_003,55.46781469590185,8.433565617789089,68.7603824885922,0.02826440346506655
266468000,2026-01-06 02:00:00,2026-01-10 23:00:00,118,117.0,58.27942,11.276004,56.10392,14.865655,1029.3849584637305,5.129360848288137,17.0,119.0,7.2,route_05,0.6316890708656362,5.526188491045913,4.7727135229159625,1.157871400517164,0.9604812826714639,True,anchorage_159,55.55545537602628,14.359066684729063,68.70420635806546,0.028286860188649204
257207000,2026-01-03 18:00:00,2026-01-06 01:00:00,56,55.0,57.844738,8.70045,57.910027,8.684227,832.6817272916362,8.555406814392857,14.0,90.0,6.2,route_10,0.449775497592977,5.302022279622939,4.835703771665179,1.0964323974289232,0.9598804236734482,True,anchorage_066,57.59301078126156,9.961012352848686,83.55342016725864,0.023377206850292605
266343000,2026-01-03 15:00:00,2026-01-05 08:00:00,42,41.0,54.3179,10.13655,54.317936,10.137169,845.3722043181082,11.443815816666667,30.0,243.0,6.0,route_07,0.6745665960179847,5.973172535267069,5.100996907258432,1.1709814069417646,0.9595944062018272,True,anchorage_008,54.35458708533333,10.153914469777776,4.217533440804827,0.32167096792343275
477732600,2026-01-10 19:00:00,2026-01-10 23:00:00,5,4.0,55.297302,6.055234,55.980427,6.7279253,87.21828619316408,12.232275000000001,32.0,190.0,6.2,route_02,0.8521351066267333,3.8266627768565904,3.1266177215723197,1.2238985119460752,0.9548901073028732,True,anchorage_154,56.31643754545455,7.640537590909091,67.75861467909094,0.028670294116369097
319076100,2026-01-01 00:00:00,2026-01-02 12:00:00,37,36.0,54.920536,10.930641,56.94872,7.2940063,637.3204259612013,10.020822924594595,32.0,200.0,9.5,route_01,0.48555670192522576,4.883502674448798,4.454993695235818,1.096186214510523,0.9507504854015858,True,anchorage_144,56.792996430379745,7.466185170253165,20.23160754067585,0.08996200550683162
219002769,2026-01-01 00:00:00,2026-01-10 23:00:00,240,239.0,56.409325,10.925467,57.495342,10.500988,135.27161446803876,0.39102470944583334,5.0,23.0,1.6,route_07,0.7220632332064115,5.982505887701281,5.100996907258432,1.172811118389135,0.9490925304902483,True,anchorage_071,57.49244408920606,10.505153926702347,0.4071893053469846,0.8308445021575523
219030955,2026-01-01 00:00:00,2026-01-04 16:00:00,89,88.0,56.697193,8.218415,55.58101,15.900521,734.7053580366652,4.6466580353370786,12.0,56.0,7.0,route_10,0.9912912711501455,6.1024294648106245,4.835703771665179,1.2619527069809007,0.9486417124481392,True,anchorage_146,55.205532567567566,15.287495499999999,56.93753799296947,0.033934230510927955
231099000,2026-01-02 22:00:00,2026-01-04 09:00:00,36,35.0,54.02454,9.299847,58.07851,11.79217,546.0839218057644,8.890529427777777,12.0,75.0,4.7,route_07,0.47523901878283487,5.549486422331804,5.100996907258432,1.0879219343252682,0.9471316960482423,True,anchorage_151,58.08231781818183,11.805268727272727,0.8788238503867721,0.6947281612007273
305530000,2026-01-06 12:00:00,2026-01-10 23:00:00,108,107.0,57.71655,8.540918,57.817554,9.37873,1410.584330677124,7.580428548944446,26.0,176.0,7.0,route_07,0.5168839996602446,5.5967687438278695,5.100996907258432,1.0971911658805324,0.9436723744953381,True,anchorage_066,57.59301078126156,9.961012352848686,42.66187678664776,0.04478092153525276
352001831,2026-01-10 16:00:00,2026-01-10 23:00:00,8,7.0,55.47785,6.5789876,57.213936,8.149151,216.75665819531196,17.6377335,32.0,200.0,7.5,route_03,0.5772626210480937,4.2390583710994125,3.8159107527646667,1.1108903341170049,0.9388520953257303,True,anchorage_061,57.121492665178046,8.598549033846517,28.977663054666888,0.06456264943131962
244519000,2026-01-08 20:00:00,2026-01-09 09:00:00,14,13.0,53.91345,10.863435,55.761494,15.881026,386.35678432178804,17.1518365,29.0,205.0,7.3,route_04,0.5348113701921471,4.382048917775422,3.998886310705682,1.09581732945094,0.9381601545401682,True,anchorage_146,55.205532567567566,15.287495499999999,72.25089152060461,0.02693570351872476
266470000,2026-01-01 06:00:00,2026-01-10 23:00:00,234,233.0,55.792942,15.680095,57.689945,11.878244,1456.5429319482043,3.537197121167949,20.0,130.0,6.3,route_06,0.6590122360101723,5.451794266261894,4.795039096516717,1.136965550546244,0.9379711039071398,True,anchorage_013,57.6609028220576,11.842623786454004,3.861885641233934,0.3411871405220723
277291000,2026-01-01 00:00:00,2026-01-07 10:00:00,155,154.0,55.23716,13.905407,54.318314,10.137687,854.9148435375062,3.1665479638064515,24.0,154.0,5.2,route_01,0.4498857458669484,4.748732531160571,4.454993695235818,1.0659347366167717,0.9369796159958418,True,anchorage_008,54.35458708533333,10.153914469777776,4.1683288520757245,0.3242369283419404
255769000,2026-01-04 17:00:00,2026-01-10 05:00:00,133,132.0,55.79345,15.711153,54.080463,11.435329,829.5565836957904,3.7025185959541353,15.0,107.0,6.5,route_00,0.8017479096331139,4.329579726462842,3.663217785296076,1.1819061765427925,0.9359926549988159,True,anchorage_033,54.15272352475248,11.773068811881187,23.4330136149408,0.07863794791605372
355076000,2026-01-06 22:00:00,2026-01-09 05:00:00,56,55.0,55.233337,13.66474,56.596493,7.300924,653.5185630933369,7.079637880196428,22.0,144.0,6.8,route_01,0.4198373893849935,4.682053457955263,4.454993695235818,1.0509674711688735,0.9332662560304067,True,anchorage_144,56.792996430379745,7.466185170253165,24.067545866401392,0.07672375490390185
314526000,2026-01-09 19:00:00,2026-01-10 23:00:00,29,28.0,57.66746,7.869266,55.630318,12.887355,452.29148936123335,8.897507203448276,18.0,148.0,4.8,route_01,0.4180305723435324,4.669065305853927,4.454993695235818,1.0480520569191911,0.9315313996035102,True,anchorage_115,55.58707356656184,12.922412896750526,5.288733756444999,0.27439608398804766
636024881,2026-01-01 00:00:00,2026-01-08 06:00:00,175,174.0,58.222076,9.780582,55.68733,15.957061,1302.0028522541038,4.4585892811428565,50.0,274.0,9.5,route_01,0.6363524816861176,4.9867404482723705,4.454993695235818,1.1193597094436303,0.9304316616611933,True,anchorage_146,55.205532567567566,15.287495499999999,68.21439516837367,0.028484187540233206
218004830,2026-01-03 21:00:00,2026-01-05 11:00:00,39,38.0,55.103107,7.3191013,57.89719,8.797652,674.6606805059205,10.008048395470516,18.0,80.0,6.8,route_10,0.6790527853496373,5.475377175968725,4.835703771665179,1.132281346109684,0.9294478132448536,True,anchorage_066,57.59301078126156,9.961012352848686,76.87654144432177,0.025356081331377615
314621000,2026-01-05 18:00:00,2026-01-08 21:00:00,76,75.0,54.365013,10.170407,57.807095,8.8946,671.0499080464997,5.1299009999736835,12.0,88.0,5.8,route_06,0.44447977397559835,5.04841788513608,4.795039096516717,1.0528418608314216,0.9285114521296667,True,anchorage_066,57.59301078126156,9.961012352848686,67.68655224428097,0.028699941891071754
258709000,2026-01-02 14:00:00,2026-01-04 19:00:00,54,53.0,57.86336,8.668793,58.21624,10.981736,767.0416619940877,8.246161911,13.0,88.0,5.6,route_10,0.645563926634051,5.414367663753191,4.835703771665179,1.1196648759749706,0.9283576753227152,True,anchorage_064,58.18683659881423,11.2086168784585,13.689640558820932,0.12747264620256532
248886000,2026-01-07 06:00:00,2026-01-10 23:00:00,90,89.0,57.699974,8.296991,55.855507,9.870791,781.1499267876753,5.070290602568889,14.0,88.0,6.3,route_11,0.38869186559797375,4.902412156772443,4.7435108245362505,1.033498676004756,0.9279510406040735,True,anchorage_091,55.85709990681362,9.862217598697397,0.5636247857849404,0.7801453672510162
219012076,2026-01-01 00:00:00,2026-01-10 23:00:00,240,239.0,55.690617,12.625576,55.2689,9.887824,327.5437575039824,0.7860672468775001,12.0,54.0,2.8,route_11,0.5060379138663256,5.086378693866991,4.7435108245362505,1.0722814560804257,0.9277016135937379,True,anchorage_023,55.26948348441926,9.888200681303115,0.06912978595521573,0.9665899227663469
244424000,2026-01-08 00:00:00,2026-01-10 23:00:00,72,71.0,54.428265,10.226486,55.437828,15.09559,498.45926023989904,4.018229575,15.0,90.0,4.8,route_04,0.5328945646634476,4.320332554858524,3.998886310705682,1.0803839417220433,0.9270643151256706,True,anchorage_140,55.279060922330096,14.801060082524273,25.656248396724703,0.07231638837308309
257182000,2026-01-02 10:00:00,2026-01-03 03:00:00,18,17.0,54.318314,10.14128,58.159817,10.8363285,477.0520495066357,15.861786777777777,36.0,225.0,6.9,route_06,0.5221098975717113,5.148905663039519,4.795039096516717,1.0737984736724802,0.9248213808614323,True,anchorage_064,58.18683659881423,11.2086168784585,22.03631911147795,0.08320741585781949
246970000,2026-01-07 16:00:00,2026-01-09 20:00:00,53,52.0,58.301453,11.322223,58.202553,11.221694,616.5872490848438,6.623579738792454,22.0,130.0,7.8,route_11,0.3956126911054551,4.89300094114237,4.7435108245362505,1.0315146569989613,0.9247328199728571,True,anchorage_064,58.18683659881423,11.2086168784585,1.9082391915300776,0.5117394053911524
305425000,2026-01-05 16:00:00,2026-01-05 21:00:00,6,5.0,57.970764,8.808114,58.488667,9.698833,77.79009865292034,9.542473333333334,26.0,176.0,10.0,route_01,0.5423741749648898,4.807217381020787,4.454993695235818,1.0790626676220973,0.9237034569753505,True,anchorage_064,58.18683659881423,11.2086168784585,94.29460163331979,0.020769596281376188
354327000,2026-01-08 17:00:00,2026-01-10 23:00:00,55,54.0,55.610176,6.670443,56.53672,12.226885,551.5219144294535,5.834996188007272,32.0,225.0,7.6,route_01,0.3209206772720323,4.454046102621839,4.454993695235818,0.9997872965308587,0.9196103030801359,True,anchorage_147,56.551030545454545,11.842199590909088,23.63544754851501,0.0780169722496557
636022441,2026-01-01 00:00:00,2026-01-03 07:00:00,56,55.0,57.635178,11.015599,55.154934,6.736908,616.5810288948147,6.658621772678571,51.0,366.0,11.7,route_01,0.8554741187386125,5.238262936791832,4.454993695235818,1.1758182603925218,0.9179951656097383,True,anchorage_047,54.75868224661246,8.294702672086721,108.78079609422494,0.018053670586541858
257364000,2026-01-07 14:00:00,2026-01-10 23:00:00,82,81.0,54.769077,16.056404,55.297344,10.788836,434.8070586398175,3.044598529895122,14.0,92.0,5.8,route_00,0.8140297363254166,4.2556530063867255,3.663217785296076,1.1617253616393344,0.9177865871481466,True,anchorage_072,55.30055018964357,10.804424703765973,1.0492336308083459,0.655902512615868
236342000,2026-01-01 00:00:00,2026-01-03 13:00:00,62,61.0,56.423717,11.024327,56.7884,7.5652075,454.40090641615916,4.2275785335,13.0,88.0,5.6,route_07,0.5083795992657717,5.392452324741454,5.100996907258432,1.057136952400088,0.915757814483623,True,anchorage_144,56.792996430379745,7.466185170253165,6.052221473780412,0.24837866252342738
244201000,2026-01-04 16:00:00,2026-01-05 14:00:00,23,22.0,54.89945,7.5073647,58.50418,9.80773,440.8003450388378,11.154340695652172,23.0,151.0,7.9,route_10,0.6258019046890285,5.292452155565831,4.835703771665179,1.0944533423608307,0.9143895305983658,True,anchorage_064,58.18683659881423,11.2086168784585,89.03690981697021,0.02196911125411662
255915986,2026-01-07 21:00:00,2026-01-10 23:00:00,75,74.0,56.495804,7.417733,55.025417,9.444915,767.6859420489566,5.727974264933334,23.0,144.0,8.9,route_07,0.3351268128357494,5.0760675601287355,5.100996907258432,0.9951128480210949,0.9125529328068838,True,anchorage_031,55.03899901285348,9.426511464010282,1.9121604718975982,0.5112264730362396
244024000,2026-01-02 11:00:00,2026-01-05 13:00:00,75,74.0,58.2895,11.299136,58.217308,11.243513,542.6115026150436,4.42009264692,17.0,124.0,5.7,route_01,0.8336487403901274,5.1526142659688245,4.454993695235818,1.1565929423152816,0.9090325216389294,True,anchorage_064,58.18683659881423,11.2086168784585,3.9573758022762013,0.3357182871081991
258913000,2026-01-07 20:00:00,2026-01-10 23:00:00,76,75.0,57.692284,7.867916,57.107582,11.696458,1094.7495448361021,8.357165290868423,28.0,180.0,9.0,route_05,0.5520801454988585,5.071935435908192,4.7727135229159625,1.0626942957199357,0.9090006854152372,True,anchorage_150,57.24408154101562,12.112255535156251,29.299782571245352,0.0638982074539192
255814000,2026-01-04 15:00:00,2026-01-05 05:00:00,15,14.0,54.064728,11.125146,55.753265,15.952481,365.38874486242105,15.037167166666668,26.0,187.0,6.2,route_09,0.7893725211162818,4.249896803446292,3.7400235578641317,1.1363288860868408,0.9049035342860601,True,anchorage_146,55.205532567567566,15.287495499999999,73.92733088880196,0.026340975990965163
246140000,2026-01-05 03:00:00,2026-01-06 11:00:00,33,32.0,55.71173,6.844068,57.958267,12.104362,452.4270451350451,7.985984149727272,13.0,83.0,5.3,route_10,0.4906212542590039,5.012102529838337,4.835703771665179,1.0364784044892839,0.9047034898022119,True,anchorage_151,58.08231781818183,11.805268727272727,22.372263297203013,0.08206049539229794
255806519,2026-01-06 14:00:00,2026-01-07 17:00:00,28,27.0,57.68437,11.835983,54.738907,16.087353,526.6463341694044,10.874504214285716,23.0,144.0,6.5,route_05,0.6310865513370668,5.164135083943235,4.7727135229159625,1.082012372866689,0.90373764181575,True,anchorage_106,55.059128416,15.135911152666667,70.48814013537283,0.02759072030631447
247353800,2026-01-01 09:00:00,2026-01-05 23:00:00,111,110.0,57.888477,8.523784,58.406403,10.587623,1425.757267771904,7.392494705571172,48.0,300.0,8.4,route_07,0.5822175010711037,5.400779902891477,5.100996907258432,1.0587694917451274,0.8985227435410696,True,anchorage_064,58.18683659881423,11.2086168784585,43.73644834392896,0.043728799948793556
231123000,2026-01-01 00:00:00,2026-01-03 03:00:00,52,51.0,57.458683,8.843885,57.80768,8.311677,834.1140175110529,9.23239496514423,21.0,130.0,6.9,route_01,0.6643930380073334,4.831202052043023,4.454993695235818,1.0844464397804925,0.897236570333536,True,anchorage_061,57.121492665178046,8.598549033846517,78.20538469497505,0.024935981637717923
265034000,2026-01-01 00:00:00,2026-01-03 07:00:00,56,55.0,57.939423,11.577397,55.62132,15.424786,566.0359846709808,5.953939599255357,12.0,63.0,7.1,route_05,0.5925939063952826,5.053105564123476,4.7727135229159625,1.0587489778846404,0.8959132568146596,True,anchorage_146,55.205532567567566,15.287495499999999,47.038614847090834,0.04078418622214913
258517000,2026-01-08 05:00:00,2026-01-08 08:00:00,4,3.0,58.42621,8.753823,58.426224,8.753797,0.002324225600009648,0.0,6.0,28.0,3.6,route_10,0.8806609760010589,5.564627362001387,4.835703771665179,1.1507378501154966,0.8928881435863577,True,anchorage_066,57.59301078126156,9.961012352848686,116.79195226353617,0.016836157348126272
236729000,2026-01-03 05:00:00,2026-01-06 07:00:00,75,74.0,58.31139,10.326244,55.683292,15.543678,993.1823431129596,7.586525140362667,16.0,116.0,7.1,route_07,0.6589366909108243,5.49208943074486,5.100996907258432,1.0766698217224804,0.8927681935641543,True,anchorage_146,55.205532567567566,15.287495499999999,55.52717671150421,0.03476617686332663
209276000,2026-01-01 00:00:00,2026-01-01 21:00:00,22,21.0,54.848648,12.970837,54.019783,9.298322,287.2694914559191,7.915349049999998,24.0,153.0,7.3,route_00,0.7072846024647397,3.9925487979479626,3.663217785296076,1.0899021111913685,0.8906054327773414,True,anchorage_057,54.15196263636363,9.371304,15.449346359432262,0.11461747384703026
265019000,2026-01-01 00:00:00,2026-01-03 20:00:00,69,68.0,57.72221,10.600331,55.697002,15.599349,539.7175891795779,4.553115999392754,12.0,48.0,6.8,route_05,0.4714923769506473,4.826209917405285,4.7727135229159625,1.0112088006607691,0.890533506257915,True,anchorage_146,55.205532567567566,15.287495499999999,58.07941496087208,0.03328927222914105
275541000,2026-01-08 21:00:00,2026-01-10 09:00:00,37,36.0,55.347473,13.135887,54.32105,10.1438,270.5050208503677,4.460838999891891,16.0,92.0,5.2,route_04,0.48096515342640783,4.050831519142912,3.998886310705682,1.012989918792681,0.8895011507379087,True,anchorage_008,54.35458708533333,10.153914469777776,3.7863650405066607,0.3456401360783967
219029880,2026-01-01 00:00:00,2026-01-06 15:00:00,136,135.0,57.59723,11.673351,55.71696,15.697871,746.5628764987321,3.124678387116912,22.0,147.0,6.4,route_01,0.8926395257459686,5.116270701539369,4.454993695235818,1.148435003849887,0.8881663714509231,True,anchorage_146,55.205532567567566,15.287495499999999,62.476358463838366,0.031019121545484026
305155000,2026-01-05 05:00:00,2026-01-08 06:00:00,74,73.0,55.697433,15.363369,58.23731,11.040554,752.3938701519339,5.875210405067567,16.0,107.0,5.6,route_06,0.3218197489541451,4.589443576036917,4.795039096516717,0.9571232858916308,0.8873875271801869,True,anchorage_064,58.18683659881423,11.2086168784585,11.331755965901614,0.15001774748317948
255806186,2026-01-02 04:00:00,2026-01-10 23:00:00,212,211.0,55.81042,15.673061,57.05529,10.04897,507.97615022851664,1.3784532672405658,26.0,150.0,6.5,route_01,0.3232568132574802,4.260911750000546,4.454993695235818,0.9564349674741799,0.8865120222912649,True,anchorage_006,57.051832359945884,10.051282694857916,0.4091202412108233,0.8301785713256057
311995000,2026-01-02 02:00:00,2026-01-04 08:00:00,55,54.0,55.75804,15.85382,54.745785,7.367567,994.3402063703317,10.16198203818182,25.0,148.0,6.6,route_06,0.606621082818237,5.038505754858166,4.795039096516717,1.0507746972320438,0.8864257522194736,True,anchorage_047,54.75868224661246,8.294702672086721,59.51315178393057,0.032513372213882744
636023244,2026-01-07 11:00:00,2026-01-10 23:00:00,85,84.0,54.80662,16.386364,53.869404,7.8389177,1361.560263917333,9.075716175341174,28.0,172.0,7.5,route_06,0.7423708317160114,5.249786360630628,4.795039096516717,1.0948370294716168,0.8855350641747097,True,anchorage_045,54.51367943636363,8.692931783116885,90.65873782675638,0.021584580654869172
277339000,2026-01-09 12:00:00,2026-01-10 15:00:00,28,27.0,56.157784,14.816787,56.15779,14.81677,0.03297363206482528,0.0,26.0,186.0,6.0,route_09,0.8487964771350192,4.2244593960107775,3.7400235578641317,1.1295274830897855,0.8849464930335843,True,anchorage_159,55.55545537602628,14.359066684729063,72.81336226624717,0.026733192299022244
636023946,2026-01-01 00:00:00,2026-01-05 07:00:00,104,103.0,57.791847,9.853806,56.173904,6.9738245,1170.6148142284376,6.661227930796153,28.0,172.0,8.6,route_07,0.4768398599682067,5.112598004519117,5.100996907258432,1.002274280394912,0.8824957453041324,True,anchorage_154,56.31643754545455,7.640537590909091,44.13609602485488,0.04335000514396668
219025221,2026-01-06 00:00:00,2026-01-10 23:00:00,120,119.0,54.925728,13.418355,58.018738,9.177587,499.90763684361355,2.4032035291133336,8.0,26.0,4.2,route_01,0.24189657764392347,4.080429703760233,4.454993695235818,0.9159226663157469,0.8764678553258294,True,anchorage_066,57.59301078126156,9.961012352848686,66.29486606427292,0.02928477812838496
219030184,2026-01-10 17:00:00,2026-01-10 23:00:00,7,6.0,55.90387,6.9333115,56.864006,7.7401843,117.90337698694802,10.819446142857142,16.0,103.0,7.0,route_03,0.5075180309396926,3.8304329491477285,3.8159107527646667,1.0038056960248718,0.8759747642837307,True,anchorage_144,56.792996430379745,7.466185170253165,18.445533226862025,0.09782087744096266
230666000,2026-01-02 08:00:00,2026-01-06 10:00:00,99,98.0,55.782413,15.658041,57.92161,8.781137,853.578461349982,4.9865307858585854,14.0,90.0,5.2,route_07,0.3482351881585029,4.843909778915694,5.100996907258432,0.9496006108184621,0.8751416610742209,True,anchorage_066,57.59301078126156,9.961012352848686,78.9557315190007,0.024704859834792432
246539000,2026-01-03 09:00:00,2026-01-04 09:00:00,25,24.0,54.947224,7.459457,58.531033,9.822659,439.8913202776995,10.129957339999999,16.0,150.0,7.0,route_10,0.6965313792662408,5.152413700647948,4.835703771665179,1.0654940715844778,0.8749877088717981,True,anchorage_064,58.18683659881423,11.2086168784585,89.44582274866106,0.021870873265550927
219560000,2026-01-05 14:00:00,2026-01-06 02:00:00,13,12.0,54.01825,10.994188,55.659245,16.116226,380.21018273900165,17.75254753846154,26.0,186.0,5.9,route_09,0.8984455892608892,4.232399888079197,3.7400235578641317,1.131650595938025,0.8741265496382965,True,anchorage_146,55.205532567567566,15.287495499999999,72.65519698554313,0.0267898295196689
246745000,2026-01-04 21:00:00,2026-01-07 05:00:00,57,56.0,58.462967,10.077734,55.331997,7.303651,601.8876542084342,6.1167982580175435,16.0,150.0,4.7,route_01,0.5787442085863381,4.561106213184204,4.454993695235818,1.023818780722824,0.8731780333955335,True,anchorage_003,55.46781469590185,8.433565617789089,72.9246212487608,0.026693494964221506
255805620,2026-01-01 00:00:00,2026-01-02 00:00:00,25,24.0,55.529205,10.856607,54.774567,16.465576,488.37540661530795,11.61105476,32.0,229.0,13.0,route_04,0.531325979892464,4.026820677796054,3.998886310705682,1.006985536701953,0.8724076575533487,True,anchorage_146,55.205532567567566,15.287495499999999,89.13159042118198,0.021946286581377757
265063000,2026-01-06 22:00:00,2026-01-07 19:00:00,22,21.0,55.234013,7.069158,58.318672,11.358149,457.2341040144382,11.845948,23.0,149.0,5.9,route_10,0.5573921263994884,4.8934374841688495,4.835703771665179,1.01193905070074,0.8696062564256829,True,anchorage_064,58.18683659881423,11.2086168784585,17.071632888620176,0.10486779038167084
275551000,2026-01-09 21:00:00,2026-01-10 23:00:00,27,26.0,54.87367,16.111486,55.466324,12.202926,265.78990318705956,5.614193110955556,12.0,81.0,5.3,route_00,0.5867894093606391,3.7106681799178256,3.663217785296076,1.0129532005474018,0.8630175480703915,True,anchorage_065,55.46214996307094,12.199049792517007,0.524524974247874,0.7922282490375662
265057000,2026-01-09 16:00:00,2026-01-10 23:00:00,32,31.0,55.749504,15.558823,55.666176,11.093134,476.6432035858401,8.659103823437501,23.0,149.0,7.0,route_00,0.7954061004411292,3.9488348896257994,3.663217785296076,1.0779689117791937,0.859625158724113,True,anchorage_015,55.67474718561279,11.097358335035524,0.9892030768793704,0.6690746491830639
636023557,2026-01-03 05:00:00,2026-01-06 22:00:00,90,89.0,56.89002,7.455868,54.760384,13.088273,924.7415165006483,6.0794514536555555,24.0,165.0,6.0,route_05,0.848803747401682,5.197655505376858,4.7727135229159625,1.0890357194959548,0.8545758527715456,True,anchorage_032,54.617951705882355,13.427505088235293,26.94827974677297,0.06908873402824399
304972000,2026-01-05 05:00:00,2026-01-06 22:00:00,42,41.0,54.788666,16.11483,53.986122,9.282824,492.398252487297,6.9078324781904765,24.0,140.0,7.4,route_00,0.6637983785626425,3.762410344395101,3.663217785296076,1.0270779857799275,0.854358894694285,True,anchorage_057,54.15196263636363,9.371304,19.323288996513206,0.09379416094426338
431787000,2026-01-10 20:00:00,2026-01-10 23:00:00,4,3.0,54.324966,7.0531645,54.315033,7.1768227,9.070986542184576,2.3058352725000004,59.0,400.0,12.8,route_08,0.9986047269763652,4.447729708046232,3.9074560903200615,1.1382673548308297,0.8540493343790311,True,anchorage_038,54.631808243710694,8.384440261006292,85.60874041843591,0.022828772454068186
563167500,2026-01-05 11:00:00,2026-01-07 17:00:00,55,54.0,55.480873,16.213722,54.894638,7.4489737,1225.891173162686,12.748722116363636,32.0,294.0,11.9,route_06,0.8789281117556531,5.265350063476972,4.795039096516717,1.098082822161326,0.8538300886820811,True,anchorage_047,54.75868224661246,8.294702672086721,56.24190084237621,0.03433953856370053
210167000,2026-01-08 09:00:00,2026-01-10 01:00:00,41,40.0,56.447998,7.223631,58.129753,11.089628,759.7290923240387,10.819010082565853,20.0,142.0,7.2,route_05,0.8329743518780441,5.163215688913967,4.7727135229159625,1.0818197371627327,0.8531212149025384,True,anchorage_064,58.18683659881423,11.2086168784585,9.434752402008169,0.1749054050045509
311001769,2026-01-08 23:00:00,2026-01-09 23:00:00,25,24.0,54.359737,8.186577,57.421474,7.9382305,351.90024224346246,8.481286284,11.0,82.0,4.5,route_03,0.8532239932127316,4.151012499613085,3.8159107527646667,1.087816977010176,0.8525567344544491,True,anchorage_061,57.121492665178046,8.598549033846517,51.85072574359115,0.0371397037344111
219421000,2026-01-01 00:00:00,2026-01-06 15:00:00,136,135.0,56.00386,8.122589,55.28887,13.709222,551.059705342626,2.296466276985294,4.0,14.0,4.9573607,route_03,1.0,4.330993599086905,3.8159107527646667,1.1349829384633945,0.8512372038475459,True,anchorage_017,55.42421111235956,13.822725109550559,16.671997026626443,0.10711227069862861
266473000,2026-01-01 20:00:00,2026-01-07 07:00:00,132,131.0,55.931263,15.777226,58.370575,10.647013,899.3681097745784,3.447678077204545,13.0,87.0,5.0,route_11,0.3390773760570424,4.320593400096168,4.7435108245362505,0.9108429515428735,0.8483628696428945,True,anchorage_064,58.18683659881423,11.2086168784585,38.671525610832845,0.04917445239544446
304964000,2026-01-01 06:00:00,2026-01-07 17:00:00,156,155.0,55.765446,15.566431,55.549404,15.6928005,996.272537060739,3.634297849503846,16.0,104.0,5.7,route_07,0.33592562938224285,4.62840455765587,5.100996907258432,0.9073529433177875,0.8465333001427799,True,anchorage_146,55.205532567567566,15.287495499999999,46.018595620870556,0.04165053088580396
667002240,2026-01-01 00:00:00,2026-01-02 05:00:00,30,29.0,57.573685,11.231374,55.649178,15.623557,703.3812813072813,13.500570350000002,44.0,250.0,8.2,route_11,0.740827753264012,4.934599287567799,4.7435108245362505,1.0402841840358255,0.8450061997108661,True,anchorage_146,55.205532567567566,15.287495499999999,53.69533420017441,0.03590965075838861
257203000,2026-01-06 04:00:00,2026-01-08 10:00:00,55,54.0,58.205784,10.735003,57.891468,8.981627,718.9241571119084,7.636434116181818,15.0,90.0,5.7,route_07,0.6304888541223893,5.118470129321033,5.100996907258432,1.0034254523929895,0.8449468757641447,True,anchorage_066,57.59301078126156,9.961012352848686,66.9307194440027,0.029014639860602955
305666000,2026-01-04 06:00:00,2026-01-05 18:00:00,37,36.0,54.014263,9.296757,55.6253,15.789072,491.5464033340658,7.647563758378377,14.0,119.0,6.4,route_04,0.8535372428553746,4.30891223318898,3.998886310705682,1.077528066165149,0.844761738910018,True,anchorage_146,55.205532567567566,15.287495499999999,56.39895046390512,0.03424719081614571
265413000,2026-01-07 18:00:00,2026-01-09 08:00:00,39,38.0,55.83887,15.842328,55.17005,7.3786693,943.485896030166,13.84343564102564,24.0,170.0,6.9,route_06,0.7609726961858024,5.0152638072892515,4.795039096516717,1.0459276152581347,0.8442025373971503,True,anchorage_047,54.75868224661246,8.294702672086721,74.23990456008352,0.02623298142279061
305773000,2026-01-09 03:00:00,2026-01-10 05:00:00,27,26.0,58.15591,11.0369625,55.43999,16.103031,567.5507742206839,12.238305122222222,22.0,140.0,6.2,route_05,0.7112629571181147,4.9024230379331035,4.7727135229159625,1.0271773100133388,0.8425672432304755,True,anchorage_146,55.205532567567566,15.287495499999999,57.80677295369505,0.03344102851943684
538011942,2026-01-07 13:00:00,2026-01-10 23:00:00,83,82.0,57.683453,7.6117496,57.56564,11.585334,724.295824700681,4.997796678774699,44.0,250.0,12.2,route_05,0.8978573587826936,5.180859183529275,4.7727135229159625,1.085516480017839,0.8396730203177059,True,anchorage_152,57.56893317391304,11.577412141304347,0.5977216707567403,0.7699054223223928
304050000,2026-01-07 17:00:00,2026-01-07 20:00:00,4,3.0,56.07535,15.076215,55.998947,15.705618,40.01139446436193,9.27234775,12.0,89.0,5.5,route_09,0.8983388001766739,4.0577415501537235,3.7400235578641317,1.0849507997406935,0.8391283997613517,True,anchorage_146,55.205532567567566,15.287495499999999,92.05017071436932,0.021265245823678586
219558000,2026-01-01 00:00:00,2026-01-01 13:00:00,14,13.0,55.919567,15.350376,56.15299,14.824049,44.22764406017958,2.5523133292857145,22.0,143.0,7.0,route_09,0.8010147566073147,3.926723900798962,3.7400235578641317,1.049919563352016,0.8371859833621833,True,anchorage_159,55.55545537602628,14.359066684729063,72.50405205586394,0.02684417752876553
412705880,2026-01-03 14:00:00,2026-01-04 18:00:00,29,28.0,57.076557,11.670414,55.65347,15.815437,660.4638501901181,13.162833879310345,30.0,183.0,10.8,route_11,0.7024811236787534,4.795456359282805,4.7435108245362505,1.0109508624873083,0.8325928659457928,True,anchorage_146,55.205532567567566,15.287495499999999,59.91991679079197,0.032299785007098354
538011860,2026-01-01 00:00:00,2026-01-10 23:00:00,240,239.0,57.472897,11.41757,54.154137,12.123708,453.561906337085,1.2910241897750003,33.0,190.0,6.2,route_04,0.28020375348711024,3.474006013992196,3.998886310705682,0.868743381048795,0.8315065974148187,True,anchorage_030,54.15790260967302,12.101105711852862,1.5301224449429343,0.5665525859776036
305412000,2026-01-01 22:00:00,2026-01-04 14:00:00,65,64.0,58.305004,11.037281,56.40179,7.3465085,823.420435733829,7.5809384736984615,20.0,129.0,6.6,route_01,0.9029871939916724,4.783792366810538,4.454993695235818,1.073804520066176,0.829606591551714,True,anchorage_154,56.31643754545455,7.640537590909091,20.448240880925827,0.08909384083183958
311000648,2026-01-08 11:00:00,2026-01-10 06:00:00,44,43.0,54.36679,10.13379,54.73429,16.117579,416.6054574644334,5.319432306818182,17.0,127.0,5.3,route_04,0.9724361413496544,4.378676187395654,3.998886310705682,1.09497391202976,0.8281213986849064,True,anchorage_106,55.059128416,15.135911152666667,72.42041048488403,0.026874347870013856
257958000,2026-01-02 05:00:00,2026-01-02 11:00:00,7,6.0,56.359127,3.3570664,56.37043,3.396617,5.4521983712871815,1.4878388571428574,17.0,82.0,5.8,route_02,1.0,3.4183724921910326,3.1266177215723197,1.0933132210585677,0.8199849157939257,True,anchorage_149,55.57914886238532,4.761725040366973,122.28999703466185,0.016091399531067994
636091995,2026-01-07 04:00:00,2026-01-09 07:00:00,52,51.0,54.783478,13.485816,55.39279,7.1152496,978.2303257732332,10.619729826923075,30.0,208.0,10.7,route_06,0.7918916465491669,4.890613510241656,4.795039096516717,1.0199319362785524,0.8169760405716227,True,anchorage_003,55.46781469590185,8.433565617789089,83.59256253611116,0.023366516210520136
257141000,2026-01-04 00:00:00,2026-01-06 14:00:00,63,62.0,58.144527,10.73961,57.89038,8.76775,651.5510863442811,5.889606368444444,13.0,88.0,5.4,route_01,0.9331139574566061,4.724837813454576,4.454993695235818,1.0605711560281958,0.8121498776569953,True,anchorage_066,57.59301078126156,9.961012352848686,78.15653796553069,0.024951177418117157
219028115,2026-01-04 15:00:00,2026-01-04 18:00:00,4,3.0,56.116615,14.834719,55.907158,15.749809,61.53419973754177,14.593155875,32.0,230.0,5.8040792,route_09,0.8848962215560104,3.8828992052904616,3.7400235578641317,1.0382018041372776,0.8074272977139556,True,anchorage_146,55.205532567567566,15.287495499999999,83.25866734158096,0.023458025586855412
565843000,2026-01-10 18:00:00,2026-01-10 23:00:00,6,5.0,54.34078,7.3129725,54.4269,7.2127514,21.2111332753281,1.46614226,20.0,120.0,8.1,route_08,1.0,4.205991574911149,3.9074560903200615,1.0764014943969937,0.8073011207977453,True,anchorage_047,54.75868224661246,8.294702672086721,78.86418561977246,0.024732828070563925
636022723,2026-01-07 21:00:00,2026-01-10 17:00:00,69,68.0,54.81374,16.58493,55.013424,6.8094635,1386.1534093587804,11.808844323188406,51.0,366.0,11.1,route_06,0.9180233897370471,5.016772699486033,4.795039096516717,1.0462422930253876,0.805175872334779,True,anchorage_047,54.75868224661246,8.294702672086721,99.12674985687312,0.019777160868223724
273274820,2026-01-03 05:00:00,2026-01-05 09:00:00,53,52.0,55.718845,15.743873,56.883137,7.441,761.258743072444,8.10620729245283,13.0,58.0,4.1,route_06,0.8023523225905886,4.821598091187613,4.795039096516717,1.0055388484090126,0.8035660556591122,True,anchorage_144,56.792996430379745,7.466185170253165,10.139572665023602,0.16475044510935521
219034373,2026-01-01 00:00:00,2026-01-02 08:00:00,33,32.0,57.45184,11.429653,55.739872,15.756377,698.4577204042432,12.058143075757576,22.0,147.0,9.0,route_11,0.906252759007534,4.9161407500906895,4.7435108245362505,1.0363928600439773,0.8007314552810995,True,anchorage_146,55.205532567567566,15.287495499999999,66.35875777338124,0.029257407026474606
305821000,2026-01-09 08:00:00,2026-01-10 12:00:00,29,28.0,54.36592,10.155261,54.842896,16.243834,414.67748629112145,8.230391768965516,14.0,95.0,4.0,route_04,0.934865098262313,4.15791898841585,3.998886310705682,1.0397692420723268,0.7961106569886669,True,anchorage_146,55.205532567567566,15.287495499999999,73.08647093206903,0.026635956853124795
538009722,2026-01-03 02:00:00,2026-01-04 06:00:00,29,28.0,58.53604,9.640972,55.142838,7.0761743,422.20008366706685,8.169277148275862,22.0,140.0,5.4,route_10,0.9185375547652718,5.000008247651682,4.835703771665179,1.033977365807485,0.7958486356642958,True,anchorage_047,54.75868224661246,8.294702672086721,88.76388609349989,0.022035195781940315
636021135,2026-01-03 16:00:00,2026-01-07 19:00:00,100,99.0,55.714256,15.997038,57.7841,8.290512,928.8789783750328,5.363623691502999,44.0,250.0,8.7,route_06,0.8338034508776878,4.818433569639988,4.795039096516717,1.0048788910063873,0.7952083055353685,True,anchorage_061,57.121492665178046,8.598549033846517,75.94792528452767,0.025658155655837466
563289200,2026-01-10 17:00:00,2026-01-10 23:00:00,7,6.0,54.380493,7.31337,54.51444,7.2668447,27.194537477958615,2.507830214285714,51.0,368.0,13.3,route_08,0.9954380292764949,4.1322364209363736,3.9074560903200615,1.0575260029596136,0.7942849949005865,True,anchorage_047,54.75868224661246,8.294702672086721,71.5055462485788,0.027208831198076693
235002520,2026-01-01 00:00:00,2026-01-01 21:00:00,22,21.0,54.518387,10.435441,55.7184,15.773186,393.572772625911,10.414116318181819,14.0,90.0,5.0,route_04,0.9590196287071213,4.172559355479135,3.998886310705682,1.0434303531732076,0.7928178577031253,True,anchorage_146,55.205532567567566,15.287495499999999,64.72797232064309,0.02997243780148968
247389200,2026-01-01 23:00:00,2026-01-02 15:00:00,17,16.0,58.64934,9.846512,55.36822,6.6771584,426.03487124025935,15.468375705882352,58.0,337.0,8.6,route_10,0.9009407137344736,4.944782551244391,4.835703771665179,1.0225569606265708,0.7916825420363096,True,anchorage_143,55.50846652513967,5.062197154189944,103.0562955831735,0.019037412169331556
212569000,2026-01-07 03:00:00,2026-01-08 07:00:00,29,28.0,54.420147,10.223594,55.43175,16.156797,426.4833946901354,8.528733196551725,15.0,90.0,5.8,route_04,0.9258963895694341,4.121203795812044,3.998886310705682,1.030587887627337,0.7914668183281444,True,anchorage_146,55.205532567567566,15.287495499999999,60.48036595389768,0.03201005579057808
257793000,2026-01-08 05:00:00,2026-01-10 10:00:00,54,53.0,56.603737,3.731508,56.297745,3.366558,60.85899493304016,1.278418317037037,24.0,90.0,6.1,route_02,0.9869730334608688,3.2834135911390527,3.1266177215723197,1.0501487177293563,0.7908682799318001,True,anchorage_149,55.57914886238532,4.761725040366973,118.03975539535877,0.016661146912644646
211325510,2026-01-01 00:00:00,2026-01-05 09:00:00,106,105.0,57.596615,11.787998,55.659187,15.997964,489.8145106480347,2.6780037113207547,11.0,53.0,6.5,route_01,0.9255208423148635,4.5506089937203456,4.454993695235818,1.02146249916959,0.7847166637984766,True,anchorage_146,55.205532567567566,15.287495499999999,67.48067896567345,0.028784980656105696
255805930,2026-01-06 14:00:00,2026-01-06 18:00:00,5,4.0,54.374264,7.297201,54.369793,7.360676,4.269063422184173,0.88331695,48.0,300.0,11.1,route_08,0.9973275726737242,4.063285830097805,3.9074560903200615,1.039880100038432,0.7805781818603929,True,anchorage_038,54.631808243710694,8.384440261006292,72.23927663754368,0.026939917663321846
241940000,2026-01-10 19:00:00,2026-01-10 23:00:00,5,4.0,54.231846,7.3428073,54.066322,7.4785466,21.7459397952372,5.353352200000001,46.0,299.0,11.3,route_08,0.994,4.046712691100969,3.9074560903200615,1.0356386860305065,0.7782290145228798,True,anchorage_038,54.631808243710694,8.384440261006292,86.026143294977,0.02272052284851295
219814000,2026-01-01 00:00:00,2026-01-02 07:00:00,32,31.0,57.14236,11.617264,55.730743,15.793058,664.1142161558352,11.9093952875,22.0,147.0,8.9,route_11,0.9253231862689979,4.776480441433443,4.7435108245362505,1.0069504673050715,0.7738820539115541,True,anchorage_146,55.205532567567566,15.287495499999999,66.52892001395219,0.029184758779108276
244997000,2026-01-08 14:00:00,2026-01-09 12:00:00,23,22.0,54.44214,10.244251,55.729424,15.712198,405.10388573218853,10.295233913043479,14.0,97.0,5.5,route_04,0.966859924712286,4.058094590005751,3.998886310705682,1.0148061921994527,0.769389662971518,True,anchorage_146,55.205532567567566,15.287495499999999,64.11059258747846,0.030252338115916474
211757470,2026-01-09 14:00:00,2026-01-10 14:00:00,25,24.0,57.596912,9.953991,55.066742,8.520411,357.2474313484381,8.267491812,6.0,16.0,3.0,route_10,0.9264661580291618,4.839505643211442,4.835703771665179,1.0007862085284338,0.7689731168890349,True,anchorage_012,55.08712006286044,8.567603059976932,3.762844005762657,0.3470508655101656
538010585,2026-01-10 19:00:00,2026-01-10 23:00:00,5,4.0,53.856155,7.421837,53.655136,8.398961,72.4129823522772,10.07975806,38.0,200.0,8.9,route_08,0.9762358817262073,3.975319392335851,3.9074560903200615,1.0173676428978708,0.7689667617418512,True,anchorage_057,54.15196263636363,9.371304,84.31620518441304,0.02317062011388285
477696600,2026-01-04 01:00:00,2026-01-04 07:00:00,7,6.0,54.288395,14.130815,54.288616,14.131033,0.0492698120362505,0.03428571428571429,32.0,190.0,12.6,route_09,0.9342960365955708,3.747354249046968,3.7400235578641317,1.0019600655101282,0.7678960399837034,True,anchorage_032,54.617951705882355,13.427505088235293,58.390088027133146,0.03311801763066489
257243000,2026-01-09 09:00:00,2026-01-10 23:00:00,39,38.0,56.670204,4.052236,56.257095,3.4026666,86.41748247616142,1.995300942820513,20.0,97.0,5.8,route_02,0.9884546780361763,3.1829812371068362,3.1266177215723197,1.0180269929213388,0.76640657518196,True,anchorage_149,55.57914886238532,4.761725040366973,113.37281422618837,0.017335106310911345
477922300,2026-01-09 12:00:00,2026-01-09 15:00:00,4,3.0,54.537457,7.4024615,54.45968,7.356805,14.567562936317113,5.35769225,15.523753,84.82131,5.191768,route_08,0.995956747533915,3.9435296081381637,3.9074560903200615,1.0092319701064503,0.7579347906963589,True,anchorage_047,54.75868224661246,8.294702672086721,68.94472665799609,0.028190960684666796
255915979,2026-01-07 21:00:00,2026-01-08 18:00:00,22,21.0,54.367393,10.167152,55.767418,15.850568,424.6860632627314,11.474789363636363,23.0,144.0,7.6,route_04,0.9820754097980108,4.0087935277845,3.998886310705682,1.0024774940593573,0.7563392680950153,True,anchorage_146,55.205532567567566,15.287495499999999,71.8472960450786,0.02708291443439094
308919000,2026-01-05 16:00:00,2026-01-05 19:00:00,4,3.0,55.33685,4.280409,55.092197,5.0012765,53.27281986636696,11.61103825,38.0,250.0,10.3,route_02,0.9856131553445038,3.1375030637784858,3.1266177215723197,1.0034815072309806,0.7562078415871095,True,anchorage_143,55.50846652513967,5.062197154189944,46.44748042741552,0.04128181656415382
563277500,2026-01-05 07:00:00,2026-01-05 10:00:00,4,3.0,54.287888,7.313595,54.287636,7.504882,12.427772078753211,2.146875,14.913037,80.22365,4.9573607,route_08,0.9913369679031099,3.9198329675726122,3.9074560903200615,1.0031675025813374,0.7545413849602256,True,anchorage_038,54.631808243710694,8.384440261006292,68.5306357029367,0.028356472050296937
236108000,2026-01-01 00:00:00,2026-01-03 19:00:00,68,67.0,55.43344,12.700116,55.531124,15.527436,667.4997210548088,5.680633389819118,13.0,83.0,5.1595978,route_07,0.3154313135936072,3.9653698448807604,5.100996907258432,0.7773715446167516,0.7541708300641619,True,anchorage_146,55.205532567567566,15.287495499999999,39.25089713263747,0.04848379402681188
352001875,2026-01-06 18:00:00,2026-01-10 23:00:00,102,101.0,54.697308,13.646797,55.492256,9.4902725,430.1432378770175,2.4640154453294123,13.0,88.0,5.2,route_07,0.310350747846484,3.8010687355240327,5.100996907258432,0.7451619368981238,0.7312837657119718,True,anchorage_009,55.49145062369895,9.494601443554844,0.28702833098864833,0.8744972560682839
257071710,2026-01-01 05:00:00,2026-01-08 14:00:00,178,177.0,55.478516,15.865542,57.874123,8.882017,666.9279785427927,2.209111191577528,14.0,90.0,3.9,route_11,0.33496096107704354,3.568292872578907,4.7435108245362505,0.7522472288081605,0.7304451813368595,True,anchorage_066,57.59301078126156,9.961012352848686,71.27085344126777,0.02729598341041781
636023222,2026-01-08 02:00:00,2026-01-10 23:00:00,70,69.0,54.36523,10.106213,55.674007,10.154944,431.9704955215166,3.7005384296571426,13.0,89.0,4.9,route_11,0.31056539997998095,2.988769814540769,4.7435108245362505,0.6300754704893008,0.6449152528719804,True,anchorage_089,55.76233879591836,10.27276299659864,12.285206085587703,0.14000498053841823
219034422,2026-01-05 20:00:00,2026-01-10 23:00:00,124,123.0,54.703068,13.327311,55.856926,9.86069,333.4094051774854,1.5626104918741937,9.0,58.0,1.7,route_07,0.29631416785869835,2.5124457219539655,5.100996907258432,0.4925401382578563,0.5453265617287176,True,anchorage_091,55.85709990681362,9.862217598697397,0.09727786346343581,0.9536170837645749
